variable,reference_variable,lag_hours,dataset,entity_id,sensor_name,sensor_lat,sensor_lon,traffic_association_count,traffic_association_mode,traffic_association_max_distance_m,traffic_association_ids,dominant_pattern,significant_moments_pct,significant_moments,HH_moments,LL_moments,HL_moments,LH_moments,observed_moments_pct,insufficient_moments_pct,missing_moments,mean_local_moran_i,mean_p_value,variable_signal_pct,map_color
NO2,coches_total,3,air_quality,urn:ngsi:AirQualityObserved:HOP94e6867c1532,Aquatec - C/Angel Bruna,37.608654022,-0.985216022,4,radius,180.9,anprFlowObserved:14|anprFlowObserved:13|anprFlowObserved:16|anprFlowObserved:2,HH,9.91,211,190,1,2,18,98.61,18.2,30,0.2112,0.3999,2.04,#b91c1c
NO2,coches_total,1,air_quality,urn:ngsi:AirQualityObserved:HOP94e6867c1532,Aquatec - C/Angel Bruna,37.608654022,-0.985216022,4,radius,180.9,anprFlowObserved:14|anprFlowObserved:13|anprFlowObserved:16|anprFlowObserved:2,HH,9.58,204,180,0,2,22,98.61,18.2,30,0.2076,0.3977,2.05,#b91c1c
NO2,coches_total,2,air_quality,urn:ngsi:AirQualityObserved:HOP94e6867c1532,Aquatec - C/Angel Bruna,37.608654022,-0.985216022,4,radius,180.9,anprFlowObserved:14|anprFlowObserved:13|anprFlowObserved:16|anprFlowObserved:2,HH,9.49,202,180,1,2,19,98.61,18.2,30,0.2074,0.3997,2.03,#b91c1c
NO2,coches_total,0,air_quality,urn:ngsi:AirQualityObserved:HOP94e6867c1532,Aquatec - C/Angel Bruna,37.608654022,-0.985216022,4,radius,180.9,anprFlowObserved:14|anprFlowObserved:13|anprFlowObserved:16|anprFlowObserved:2,HH,9.39,200,177,2,1,20,98.61,18.16,30,0.2103,0.4012,1.9,#b91c1c
NO2,coches_total,2,air_quality,urn:ngsi:AirQualityObserved:HOP94e68679c5b2,Aquatec - C/ Juan de la Cosa,37.6077778,-0.981388889,3,radius,202.0,anprFlowObserved:15|anprFlowObserved:4|anprFlowObserved:3,LH,7.87,170,3,4,0,163,100.0,18.3,0,0.0159,0.5844,2.03,#7c3aed
NO2,coches_total,3,air_quality,urn:ngsi:AirQualityObserved:HOP94e68679c5b2,Aquatec - C/ Juan de la Cosa,37.6077778,-0.981388889,3,radius,202.0,anprFlowObserved:15|anprFlowObserved:4|anprFlowObserved:3,LH,7.87,170,1,6,0,163,100.0,18.34,0,0.0096,0.5839,2.04,#7c3aed
NO2,coches_total,1,air_quality,urn:ngsi:AirQualityObserved:HOP94e68679c5b2,Aquatec - C/ Juan de la Cosa,37.6077778,-0.981388889,3,radius,202.0,anprFlowObserved:15|anprFlowObserved:4|anprFlowObserved:3,LH,7.83,169,3,1,0,165,100.0,18.25,0,0.0207,0.5827,2.05,#7c3aed
NO2,coches_total,0,air_quality,urn:ngsi:AirQualityObserved:HOP94e68679c5b2,Aquatec - C/ Juan de la Cosa,37.6077778,-0.981388889,3,radius,202.0,anprFlowObserved:15|anprFlowObserved:4|anprFlowObserved:3,LH,7.46,161,4,2,0,155,100.0,18.16,0,0.0217,0.5832,1.9,#7c3aed
NO2,coches_total,0,air_quality,urn:ngsi:AirQualityObserved:HOP94e6867c1842,Aquatec - Plaza del Rey,37.6,-0.988055556,2,radius,256.9,anprFlowObserved:7|anprFlowObserved:8,LL,5.73,122,0,119,2,1,98.61,31.59,30,0.4048,0.2822,1.9,#1d4ed8
NO2,coches_total,1,air_quality,urn:ngsi:AirQualityObserved:HOP94e6867c0df2,Aquatec - Plaza de España,37.605122,-0.991117,3,radius,254.5,anprFlowObserved:10|anprFlowObserved:9|anprFlowObserved:11,LL,5.47,118,0,112,0,6,100.0,19.31,0,0.775,0.3767,2.05,#1d4ed8
NO2,coches_total,0,air_quality,urn:ngsi:AirQualityObserved:HOP94e6867c2186,Aquatec - C/ Carlos III,37.60592,-0.98264,4,radius,229.0,anprFlowObserved:4|anprFlowObserved:3|anprFlowObserved:15|anprFlowObserved:2,HH,5.12,109,86,0,1,22,98.61,18.16,30,0.0596,0.6091,1.9,#b91c1c
NO2,coches_total,1,air_quality,urn:ngsi:AirQualityObserved:HOP94e6867c1842,Aquatec - Plaza del Rey,37.6,-0.988055556,2,radius,256.9,anprFlowObserved:7|anprFlowObserved:8,LL,4.93,105,0,99,6,0,98.61,31.64,30,0.4067,0.2871,2.05,#1d4ed8
NO2,coches_total,2,air_quality,urn:ngsi:AirQualityObserved:HOP94e6867c2186,Aquatec - C/ Carlos III,37.60592,-0.98264,4,radius,229.0,anprFlowObserved:4|anprFlowObserved:3|anprFlowObserved:15|anprFlowObserved:2,HH,4.88,104,82,0,1,21,98.61,18.2,30,0.0602,0.6096,2.03,#b91c1c
NO2,coches_total,3,air_quality,urn:ngsi:AirQualityObserved:HOPac67b2cd1d4e,C/ Ciclamen,37.6122131,-1.0095078,1,nearest_fallback,1637.5,anprFlowObserved:12,LH,4.88,2,0,0,0,2,1.9,0.0,2118,-1.0241,0.5695,2.04,#7c3aed
NO2,coches_total,3,air_quality,urn:ngsi:AirQualityObserved:HOP94e6867c2186,Aquatec - C/ Carlos III,37.60592,-0.98264,4,radius,229.0,anprFlowObserved:4|anprFlowObserved:3|anprFlowObserved:15|anprFlowObserved:2,HH,4.84,103,81,0,2,20,98.61,18.2,30,0.0633,0.6121,2.04,#b91c1c
NO2,coches_total,3,air_quality,urn:ngsi:AirQualityObserved:HOP94e6867c1842,Aquatec - Plaza del Rey,37.6,-0.988055556,2,radius,256.9,anprFlowObserved:7|anprFlowObserved:8,LL,4.79,102,0,94,8,0,98.61,31.68,30,0.3994,0.287,2.04,#1d4ed8
NO2,coches_total,2,air_quality,urn:ngsi:AirQualityObserved:HOP94e6867c1842,Aquatec - Plaza del Rey,37.6,-0.988055556,2,radius,256.9,anprFlowObserved:7|anprFlowObserved:8,LL,4.74,101,0,94,7,0,98.61,31.64,30,0.4036,0.2851,2.03,#1d4ed8
NO2,coches_total,1,air_quality,urn:ngsi:AirQualityObserved:HOP94e6867c2186,Aquatec - C/ Carlos III,37.60592,-0.98264,4,radius,229.0,anprFlowObserved:4|anprFlowObserved:3|anprFlowObserved:15|anprFlowObserved:2,HH,4.7,100,80,0,0,20,98.61,18.2,30,0.0587,0.6136,2.05,#b91c1c
NO2,coches_total,3,air_quality,urn:ngsi:AirQualityObserved:HOP94e6867bf52a,AQPMN2G 01,37.642688751,-1.09544003,1,nearest_fallback,9889.0,anprFlowObserved:12,LH,4.51,83,25,0,0,58,85.32,5.47,317,-0.0683,0.4811,2.04,#7c3aed
NO2,coches_total,0,air_quality,urn:ngsi:AirQualityObserved:HOP94e6867c0df2,Aquatec - Plaza de España,37.605122,-0.991117,3,radius,254.5,anprFlowObserved:10|anprFlowObserved:9|anprFlowObserved:11,LL,4.49,97,0,93,0,4,100.0,19.27,0,0.7743,0.3748,1.9,#1d4ed8
NO2,coches_total,3,air_quality,urn:ngsi:AirQualityObserved:HOP94e6867c0df2,Aquatec - Plaza de España,37.605122,-0.991117,3,radius,254.5,anprFlowObserved:10|anprFlowObserved:9|anprFlowObserved:11,LL,4.45,96,0,89,0,7,100.0,19.41,0,0.7736,0.3761,2.04,#1d4ed8
NO2,coches_total,2,air_quality,urn:ngsi:AirQualityObserved:HOP94e6867bf52a,AQPMN2G 01,37.642688751,-1.09544003,1,nearest_fallback,9889.0,anprFlowObserved:12,LH,4.45,82,25,0,0,57,85.32,5.47,317,-0.0766,0.4773,2.03,#7c3aed
NO2,coches_total,2,air_quality,urn:ngsi:AirQualityObserved:HOP94e6867c0df2,Aquatec - Plaza de España,37.605122,-0.991117,3,radius,254.5,anprFlowObserved:10|anprFlowObserved:9|anprFlowObserved:11,LL,4.35,94,0,88,0,6,100.0,19.36,0,0.7745,0.3778,2.03,#1d4ed8
NO2,coches_total,3,air_quality,urn:ngsi:AirQualityObserved:HOP94e6867c0a5a,Aquatec - Calle Real,37.60372,-0.990846,3,radius,264.8,anprFlowObserved:10|anprFlowObserved:9|anprFlowObserved:8,HL,4.27,91,2,13,75,1,98.61,18.85,30,-0.1332,0.3733,2.04,#ea580c
NO2,coches_total,1,air_quality,urn:ngsi:AirQualityObserved:HOP94e6867bf52a,AQPMN2G 01,37.642688751,-1.09544003,1,nearest_fallback,9889.0,anprFlowObserved:12,LH,4.23,78,24,0,0,54,85.32,5.47,317,-0.0796,0.4826,2.05,#7c3aed
NO2,coches_total,3,air_quality,urn:ngsi:AirQualityObserved:HOP94e6867ae312,C/ Loma de Canteras,37.618388,-1.032256,1,nearest_fallback,3744.9,anprFlowObserved:12,HH,3.9,84,81,0,0,3,99.72,18.39,6,0.7294,0.4841,2.04,#b91c1c
NO2,coches_total,1,air_quality,urn:ngsi:AirQualityObserved:HOP94e6867c0a5a,Aquatec - Calle Real,37.60372,-0.990846,3,radius,264.8,anprFlowObserved:10|anprFlowObserved:9|anprFlowObserved:8,HL,3.9,83,3,10,70,0,98.61,18.85,30,-0.1214,0.3783,2.05,#ea580c
NO2,coches_total,2,air_quality,urn:ngsi:AirQualityObserved:HOP94e6867c0a5a,Aquatec - Calle Real,37.60372,-0.990846,3,radius,264.8,anprFlowObserved:10|anprFlowObserved:9|anprFlowObserved:8,HL,3.9,83,4,7,72,0,98.61,18.85,30,-0.1262,0.3768,2.03,#ea580c
NO2,coches_total,3,air_quality,urn:ngsi:AirQualityObserved:HOP94e6867c1c56,C/ Zorita,37.614798,-1.043541,1,nearest_fallback,4645.3,anprFlowObserved:12,HH,3.89,84,81,0,0,3,100.0,18.39,0,0.5219,0.4834,2.04,#b91c1c
NO2,coches_total,3,air_quality,urn:ngsi:AirQualityObserved:HOP94e6867c2466,Av. Descubrimiento de América,37.618964,-1.027056,1,nearest_fallback,3324.4,anprFlowObserved:12,HH,3.89,84,73,0,0,11,100.0,18.39,0,0.5615,0.4834,2.04,#b91c1c
NO2,coches_total,0,air_quality,urn:ngsi:AirQualityObserved:HOP94e6867bf52a,AQPMN2G 01,37.642688751,-1.09544003,1,nearest_fallback,9889.0,anprFlowObserved:12,LH,3.85,71,23,0,0,48,85.32,5.42,317,-0.0755,0.4858,1.9,#7c3aed
NO2,coches_total,2,air_quality,urn:ngsi:AirQualityObserved:HOP94e6867c1c56,C/ Zorita,37.614798,-1.043541,1,nearest_fallback,4645.3,anprFlowObserved:12,HH,3.8,82,80,0,0,2,100.0,18.34,0,0.5116,0.4802,2.03,#b91c1c
NO2,coches_total,2,air_quality,urn:ngsi:AirQualityObserved:HOP94e6867c2466,Av. Descubrimiento de América,37.618964,-1.027056,1,nearest_fallback,3324.4,anprFlowObserved:12,HH,3.8,82,74,0,0,8,100.0,18.34,0,0.5491,0.4802,2.03,#b91c1c
NO2,coches_total,2,air_quality,urn:ngsi:AirQualityObserved:HOP94e6867ae312,C/ Loma de Canteras,37.618388,-1.032256,1,nearest_fallback,3744.9,anprFlowObserved:12,HH,3.76,81,80,0,0,1,99.72,18.34,6,0.7171,0.4808,2.03,#b91c1c
NO2,coches_total,0,air_quality,urn:ngsi:AirQualityObserved:HOP94e6867c0a5a,Aquatec - Calle Real,37.60372,-0.990846,3,radius,264.8,anprFlowObserved:10|anprFlowObserved:9|anprFlowObserved:8,HL,3.76,80,3,7,70,0,98.61,18.81,30,-0.1191,0.3762,1.9,#ea580c
NO2,coches_total,1,air_quality,urn:ngsi:AirQualityObserved:HOP94e6867ae312,C/ Loma de Canteras,37.618388,-1.032256,1,nearest_fallback,3744.9,anprFlowObserved:12,HH,3.72,80,79,0,0,1,99.72,18.3,6,0.7021,0.4849,2.05,#b91c1c
NO2,coches_total,1,air_quality,urn:ngsi:AirQualityObserved:HOP94e6867c1c56,C/ Zorita,37.614798,-1.043541,1,nearest_fallback,4645.3,anprFlowObserved:12,HH,3.71,80,78,0,0,2,100.0,18.3,0,0.4979,0.484,2.05,#b91c1c
NO2,coches_total,1,air_quality,urn:ngsi:AirQualityObserved:HOP94e6867c2466,Av. Descubrimiento de América,37.618964,-1.027056,1,nearest_fallback,3324.4,anprFlowObserved:12,HH,3.71,80,71,0,0,9,100.0,18.3,0,0.5342,0.484,2.05,#b91c1c
NO2,coches_total,1,air_quality,urn:ngsi:AirQualityObserved:HOP94e6867c0222,Aquatec - Capitanes Ripoll,37.60623,-0.977768,1,nearest_fallback,337.0,anprFlowObserved:4,HH,3.43,73,73,0,0,0,98.61,18.2,30,1.4518,0.5605,2.05,#b91c1c
NO2,coches_total,0,air_quality,urn:ngsi:AirQualityObserved:HOP94e6867ae312,C/ Loma de Canteras,37.618388,-1.032256,1,nearest_fallback,3744.9,anprFlowObserved:12,HH,3.39,73,73,0,0,0,99.72,18.2,6,0.6928,0.4879,1.9,#b91c1c
NO2,coches_total,0,air_quality,urn:ngsi:AirQualityObserved:HOP94e6867c1c56,C/ Zorita,37.614798,-1.043541,1,nearest_fallback,4645.3,anprFlowObserved:12,HH,3.38,73,71,0,0,2,100.0,18.2,0,0.4921,0.4873,1.9,#b91c1c
NO2,coches_total,0,air_quality,urn:ngsi:AirQualityObserved:HOP94e6867c2466,Av. Descubrimiento de América,37.618964,-1.027056,1,nearest_fallback,3324.4,anprFlowObserved:12,HH,3.38,73,63,0,0,10,100.0,18.2,0,0.526,0.4873,1.9,#b91c1c
NO2,coches_total,1,air_quality,urn:ngsi:AirQualityObserved:HOP94e6867c28e2,Aquatec - C/San Diego,37.60347,-0.97896,1,nearest_fallback,364.1,anprFlowObserved:4,HH,3.38,73,73,0,0,0,100.0,18.25,0,1.3232,0.5626,2.05,#b91c1c
NO2,coches_total,1,air_quality,urn:ngsi:AirQualityObserved:HOPe0e2e632fa1e,Aquatec - C/ Serreta,37.60355,-0.98363,1,nearest_fallback,326.7,anprFlowObserved:4,LH,3.38,73,0,0,0,73,100.0,18.25,0,-0.565,0.5626,2.05,#7c3aed
NO2,coches_total,2,air_quality,urn:ngsi:AirQualityObserved:HOP94e6867c0222,Aquatec - Capitanes Ripoll,37.60623,-0.977768,1,nearest_fallback,337.0,anprFlowObserved:4,HH,3.33,71,71,0,0,0,98.61,18.2,30,1.4543,0.5596,2.03,#b91c1c
NO2,coches_total,2,air_quality,urn:ngsi:AirQualityObserved:HOP94e6867c28e2,Aquatec - C/San Diego,37.60347,-0.97896,1,nearest_fallback,364.1,anprFlowObserved:4,HH,3.29,71,71,0,0,0,100.0,18.3,0,1.3244,0.5619,2.03,#b91c1c
NO2,coches_total,2,air_quality,urn:ngsi:AirQualityObserved:HOPe0e2e632fa1e,Aquatec - C/ Serreta,37.60355,-0.98363,1,nearest_fallback,326.7,anprFlowObserved:4,LH,3.29,71,0,0,0,71,100.0,18.3,0,-0.5616,0.5619,2.03,#7c3aed
NO2,coches_total,3,air_quality,urn:ngsi:AirQualityObserved:HOP94e6867c0222,Aquatec - Capitanes Ripoll,37.60623,-0.977768,1,nearest_fallback,337.0,anprFlowObserved:4,HH,3.05,65,65,0,0,0,98.61,18.2,30,1.4541,0.5627,2.04,#b91c1c
NO2,coches_total,3,air_quality,urn:ngsi:AirQualityObserved:HOP94e6867c28e2,Aquatec - C/San Diego,37.60347,-0.97896,1,nearest_fallback,364.1,anprFlowObserved:4,HH,3.01,65,65,0,0,0,100.0,18.34,0,1.3173,0.5644,2.04,#b91c1c
NO2,coches_total,3,air_quality,urn:ngsi:AirQualityObserved:HOPe0e2e632fa1e,Aquatec - C/ Serreta,37.60355,-0.98363,1,nearest_fallback,326.7,anprFlowObserved:4,LH,3.01,65,0,0,0,65,100.0,18.34,0,-0.5595,0.5644,2.04,#7c3aed
NO2,coches_total,3,air_quality,urn:ngsi:AirQualityObserved:HOP94e6867c249e,Aquatec - C/ Jimenez de la Espada,37.60783,-0.99,4,radius,230.2,anprFlowObserved:11|anprFlowObserved:12|anprFlowObserved:9|anprFlowObserved:17,LH,2.96,33,0,0,0,33,51.64,12.78,1044,-0.1976,0.5443,2.04,#7c3aed
NO2,coches_total,0,air_quality,urn:ngsi:AirQualityObserved:HOP94e6867c0222,Aquatec - Capitanes Ripoll,37.60623,-0.977768,1,nearest_fallback,337.0,anprFlowObserved:4,HH,2.58,55,55,0,0,0,98.61,18.16,30,1.4493,0.5608,1.9,#b91c1c
NO2,coches_total,0,air_quality,urn:ngsi:AirQualityObserved:HOP94e6867c28e2,Aquatec - C/San Diego,37.60347,-0.97896,1,nearest_fallback,364.1,anprFlowObserved:4,HH,2.55,55,55,0,0,0,100.0,18.16,0,1.3209,0.5638,1.9,#b91c1c
NO2,coches_total,0,air_quality,urn:ngsi:AirQualityObserved:HOPe0e2e632fa1e,Aquatec - C/ Serreta,37.60355,-0.98363,1,nearest_fallback,326.7,anprFlowObserved:4,LH,2.55,55,0,0,0,55,100.0,18.16,0,-0.5682,0.5638,1.9,#7c3aed
NO2,coches_total,2,air_quality,urn:ngsi:AirQualityObserved:HOP94e6867c249e,Aquatec - C/ Jimenez de la Espada,37.60783,-0.99,4,radius,230.2,anprFlowObserved:11|anprFlowObserved:12|anprFlowObserved:9|anprFlowObserved:17,LH,2.51,28,0,0,0,28,51.64,12.74,1044,-0.2019,0.5515,2.03,#7c3aed
NO2,coches_total,1,air_quality,urn:ngsi:AirQualityObserved:HOP94e6867c249e,Aquatec - C/ Jimenez de la Espada,37.60783,-0.99,4,radius,230.2,anprFlowObserved:11|anprFlowObserved:12|anprFlowObserved:9|anprFlowObserved:17,LH,2.06,23,0,0,0,23,51.64,12.69,1044,-0.2053,0.5446,2.05,#7c3aed
NO2,coches_total,0,air_quality,urn:ngsi:AirQualityObserved:HOP94e6867c249e,Aquatec - C/ Jimenez de la Espada,37.60783,-0.99,4,radius,230.2,anprFlowObserved:11|anprFlowObserved:12|anprFlowObserved:9|anprFlowObserved:17,LH,1.88,21,0,1,0,20,51.64,12.6,1044,-0.2084,0.5495,1.9,#7c3aed
NO2,coches_total,1,air_quality,urn:ngsi:AirQualityObserved:HOP94e6867c087e,Aquatec - Ctra de la Algameca,37.60379977,-0.99406271,1,radius,278.8,anprFlowObserved:10,LL,1.49,32,0,32,0,0,99.72,38.35,6,1.0642,0.3165,2.05,#1d4ed8
NO2,coches_total,2,air_quality,urn:ngsi:AirQualityObserved:HOP94e6867c087e,Aquatec - Ctra de la Algameca,37.60379977,-0.99406271,1,radius,278.8,anprFlowObserved:10,LL,1.21,26,0,24,2,0,99.72,38.4,6,1.076,0.3176,2.03,#1d4ed8
NO2,coches_total,3,air_quality,urn:ngsi:AirQualityObserved:HOPac67b2cd1c9e,AQ2 - San Francisco,37.6019439,-0.983765,1,nearest_fallback,413.8,anprFlowObserved:8,LL,1.15,1,0,1,0,0,4.03,1.57,2072,1.3108,0.3472,2.04,#1d4ed8
NO2,coches_total,3,air_quality,urn:ngsi:AirQualityObserved:HOP94e6867c087e,Aquatec - Ctra de la Algameca,37.60379977,-0.99406271,1,radius,278.8,anprFlowObserved:10,LL,1.11,24,0,24,0,0,99.72,38.44,6,1.0848,0.3158,2.04,#1d4ed8
NO2,coches_total,0,air_quality,urn:ngsi:AirQualityObserved:HOP94e6867c087e,Aquatec - Ctra de la Algameca,37.60379977,-0.99406271,1,radius,278.8,anprFlowObserved:10,LL,0.98,21,0,20,1,0,99.72,38.3,6,1.0568,0.3177,1.9,#1d4ed8
NO2,coches_total,2,air_quality,urn:ngsi:AirQualityObserved:HOP94e6867c0966,Aquatec - C/ Juan Fernández,37.608095402,-0.987760799,4,radius,284.7,anprFlowObserved:17|anprFlowObserved:13|anprFlowObserved:16|anprFlowObserved:2,mixed,0.8,17,9,0,0,8,98.61,18.2,30,0.0524,0.54,2.03,#0f766e
NO2,coches_total,1,air_quality,urn:ngsi:AirQualityObserved:HOP94e6867c0966,Aquatec - C/ Juan Fernández,37.608095402,-0.987760799,4,radius,284.7,anprFlowObserved:17|anprFlowObserved:13|anprFlowObserved:16|anprFlowObserved:2,mixed,0.75,16,9,0,1,6,98.61,18.2,30,0.0509,0.5399,2.05,#0f766e
NO2,coches_total,2,air_quality,urn:ngsi:AirQualityObserved:HOP94e6867bf326,Aquatec - C/ Ramón y Cajal,37.608898092,-0.990987387,2,radius,177.4,anprFlowObserved:12|anprFlowObserved:11,LH,0.74,16,0,0,0,16,100.0,18.3,0,-0.2256,0.712,2.03,#7c3aed
NO2,coches_total,0,air_quality,urn:ngsi:AirQualityObserved:HOP94e6867c0966,Aquatec - C/ Juan Fernández,37.608095402,-0.987760799,4,radius,284.7,anprFlowObserved:17|anprFlowObserved:13|anprFlowObserved:16|anprFlowObserved:2,HH,0.7,15,10,1,0,4,98.61,18.16,30,0.0512,0.5388,1.9,#b91c1c
NO2,coches_total,3,air_quality,urn:ngsi:AirQualityObserved:HOP94e6867c0966,Aquatec - C/ Juan Fernández,37.608095402,-0.987760799,4,radius,284.7,anprFlowObserved:17|anprFlowObserved:13|anprFlowObserved:16|anprFlowObserved:2,HH,0.7,15,10,1,0,4,98.61,18.2,30,0.0567,0.5401,2.04,#b91c1c
NO2,coches_total,3,air_quality,urn:ngsi:AirQualityObserved:HOP94e6867bf326,Aquatec - C/ Ramón y Cajal,37.608898092,-0.990987387,2,radius,177.4,anprFlowObserved:12|anprFlowObserved:11,LH,0.69,15,0,0,0,15,100.0,18.34,0,-0.2247,0.7064,2.04,#7c3aed
NO2,coches_total,1,air_quality,urn:ngsi:AirQualityObserved:HOP94e6867bf326,Aquatec - C/ Ramón y Cajal,37.608898092,-0.990987387,2,radius,177.4,anprFlowObserved:12|anprFlowObserved:11,LH,0.6,13,0,0,0,13,100.0,18.25,0,-0.2281,0.7059,2.05,#7c3aed
NO2,coches_total,0,air_quality,urn:ngsi:AirQualityObserved:HOP94e6867aa682,Aquatec - C/ Pintor Balaca,37.609571,-0.987615,3,radius,290.3,anprFlowObserved:13|anprFlowObserved:14|anprFlowObserved:17,HH,0.57,12,11,0,0,1,98.33,18.16,36,0.1444,0.5914,1.9,#b91c1c
NO2,coches_total,3,air_quality,urn:ngsi:AirQualityObserved:HOP94e6867aa682,Aquatec - C/ Pintor Balaca,37.609571,-0.987615,3,radius,290.3,anprFlowObserved:13|anprFlowObserved:14|anprFlowObserved:17,HH,0.57,12,12,0,0,0,98.33,18.2,36,0.1472,0.5866,2.04,#b91c1c
NO2,coches_total,0,air_quality,urn:ngsi:AirQualityObserved:HOP94e6867bf326,Aquatec - C/ Ramón y Cajal,37.608898092,-0.990987387,2,radius,177.4,anprFlowObserved:12|anprFlowObserved:11,LH,0.56,12,0,0,0,12,100.0,18.16,0,-0.2257,0.7123,1.9,#7c3aed
NO2,coches_total,2,air_quality,urn:ngsi:AirQualityObserved:HOP94e6867aa682,Aquatec - C/ Pintor Balaca,37.609571,-0.987615,3,radius,290.3,anprFlowObserved:13|anprFlowObserved:14|anprFlowObserved:17,HH,0.47,10,9,0,1,0,98.33,18.2,36,0.1459,0.5897,2.03,#b91c1c
NO2,coches_total,2,air_quality,urn:ngsi:AirQualityObserved:HOP94e6867c064e,Aquatec - Parque Sauces,37.60905,-0.982657,4,radius,271.4,anprFlowObserved:15|anprFlowObserved:14|anprFlowObserved:3|anprFlowObserved:16,LL,0.3,3,0,2,1,0,45.99,7.09,1166,0.0039,0.7218,2.03,#1d4ed8
NO2,coches_total,0,air_quality,urn:ngsi:AirQualityObserved:HOP94e6867c01f2,Aquatec - C/ San Juan,37.605112,-0.985913,4,radius,294.7,anprFlowObserved:2|anprFlowObserved:17|anprFlowObserved:16|anprFlowObserved:3,LH,0.29,6,0,1,0,5,94.4,17.51,121,-0.2664,0.6169,1.9,#7c3aed
NO2,coches_total,2,air_quality,urn:ngsi:AirQualityObserved:HOP94e6867c01f2,Aquatec - C/ San Juan,37.605112,-0.985913,4,radius,294.7,anprFlowObserved:2|anprFlowObserved:17|anprFlowObserved:16|anprFlowObserved:3,LH,0.29,6,0,0,0,6,94.4,17.65,121,-0.2645,0.6186,2.03,#7c3aed
NO2,coches_total,1,air_quality,urn:ngsi:AirQualityObserved:HOP94e6867aa682,Aquatec - C/ Pintor Balaca,37.609571,-0.987615,3,radius,290.3,anprFlowObserved:13|anprFlowObserved:14|anprFlowObserved:17,HH,0.28,6,6,0,0,0,98.33,18.2,36,0.1453,0.5862,2.05,#b91c1c
NO2,coches_total,1,air_quality,urn:ngsi:AirQualityObserved:HOP94e6867c01f2,Aquatec - C/ San Juan,37.605112,-0.985913,4,radius,294.7,anprFlowObserved:2|anprFlowObserved:17|anprFlowObserved:16|anprFlowObserved:3,LH,0.2,4,0,0,0,4,94.4,17.6,121,-0.2643,0.6156,2.05,#7c3aed
NO2,coches_total,1,air_quality,urn:ngsi:AirQualityObserved:HOP94e6867c064e,Aquatec - Parque Sauces,37.60905,-0.982657,4,radius,271.4,anprFlowObserved:15|anprFlowObserved:14|anprFlowObserved:3|anprFlowObserved:16,mixed,0.2,2,0,1,0,1,45.99,7.04,1166,0.0104,0.7218,2.05,#0f766e
NO2,coches_total,3,air_quality,urn:ngsi:AirQualityObserved:HOP94e6867c064e,Aquatec - Parque Sauces,37.60905,-0.982657,4,radius,271.4,anprFlowObserved:15|anprFlowObserved:14|anprFlowObserved:3|anprFlowObserved:16,LL,0.2,2,0,2,0,0,45.99,7.13,1166,0.0014,0.7239,2.04,#1d4ed8
NO2,coches_total,3,air_quality,urn:ngsi:AirQualityObserved:HOP94e6867c01f2,Aquatec - C/ San Juan,37.605112,-0.985913,4,radius,294.7,anprFlowObserved:2|anprFlowObserved:17|anprFlowObserved:16|anprFlowObserved:3,LH,0.15,3,0,0,0,3,94.4,17.69,121,-0.2677,0.6156,2.04,#7c3aed
NO2,coches_total,0,air_quality,urn:ngsi:AirQualityObserved:HOP94e6867c064e,Aquatec - Parque Sauces,37.60905,-0.982657,4,radius,271.4,anprFlowObserved:15|anprFlowObserved:14|anprFlowObserved:3|anprFlowObserved:16,LL,0.1,1,0,1,0,0,45.99,6.95,1166,0.0133,0.7205,1.9,#1d4ed8
NO2,coches_total,0,air_quality,urn:ngsi:AirQualityObserved:HOP94e6867c200a,Aquatec - Plaza Lopez Pinto,37.604565,-0.985117,2,radius,288.5,anprFlowObserved:2|anprFlowObserved:3,HH,0.09,1,1,0,0,0,51.78,12.74,1041,-0.0384,0.7615,1.9,#b91c1c
NO2,coches_total,1,air_quality,urn:ngsi:AirQualityObserved:HOP94e6867c200a,Aquatec - Plaza Lopez Pinto,37.604565,-0.985117,2,radius,288.5,anprFlowObserved:2|anprFlowObserved:3,HH,0.09,1,1,0,0,0,51.78,12.83,1041,-0.0376,0.7671,2.05,#b91c1c
NO2,coches_total,3,air_quality,urn:ngsi:AirQualityObserved:HOP94e6867c200a,Aquatec - Plaza Lopez Pinto,37.604565,-0.985117,2,radius,288.5,anprFlowObserved:2|anprFlowObserved:3,HH,0.09,1,1,0,0,0,51.78,12.92,1041,-0.029,0.7688,2.04,#b91c1c
NO2,coches_total,0,air_quality,urn:ngsi:AirQualityObserved:HOP94e6867be9fa,Aquatec - Calle Jorge Juan /Ciudad Jardin,37.614975,-0.992527,1,nearest_fallback,609.2,anprFlowObserved:12,no_data_in_window,0.0,0,0,0,0,0,0.0,0.0,2159,,,1.9,#9ca3af
NO2,coches_total,1,air_quality,urn:ngsi:AirQualityObserved:HOP94e6867be9fa,Aquatec - Calle Jorge Juan /Ciudad Jardin,37.614975,-0.992527,1,nearest_fallback,609.2,anprFlowObserved:12,no_data_in_window,0.0,0,0,0,0,0,0.0,0.0,2159,,,2.05,#9ca3af
NO2,coches_total,2,air_quality,urn:ngsi:AirQualityObserved:HOP94e6867be9fa,Aquatec - Calle Jorge Juan /Ciudad Jardin,37.614975,-0.992527,1,nearest_fallback,609.2,anprFlowObserved:12,no_data_in_window,0.0,0,0,0,0,0,0.0,0.0,2159,,,2.03,#9ca3af
NO2,coches_total,3,air_quality,urn:ngsi:AirQualityObserved:HOP94e6867be9fa,Aquatec - Calle Jorge Juan /Ciudad Jardin,37.614975,-0.992527,1,nearest_fallback,609.2,anprFlowObserved:12,no_data_in_window,0.0,0,0,0,0,0,0.0,0.0,2159,,,2.04,#9ca3af
NO2,coches_total,2,air_quality,urn:ngsi:AirQualityObserved:HOP94e6867c200a,Aquatec - Plaza Lopez Pinto,37.604565,-0.985117,2,radius,288.5,anprFlowObserved:2|anprFlowObserved:3,no_signal,0.0,0,0,0,0,0,51.78,12.88,1041,-0.036,0.7639,2.03,#64748b
NO2,coches_total,0,air_quality,urn:ngsi:AirQualityObserved:HOP94e6867c2386,Aquatec - C/ Salitre,37.604937216,-0.988018993,4,radius,296.7,anprFlowObserved:9|anprFlowObserved:17|anprFlowObserved:10|anprFlowObserved:8,no_data_in_window,0.0,0,0,0,0,0,0.0,0.0,2159,,,1.9,#9ca3af
NO2,coches_total,1,air_quality,urn:ngsi:AirQualityObserved:HOP94e6867c2386,Aquatec - C/ Salitre,37.604937216,-0.988018993,4,radius,296.7,anprFlowObserved:9|anprFlowObserved:17|anprFlowObserved:10|anprFlowObserved:8,no_data_in_window,0.0,0,0,0,0,0,0.0,0.0,2159,,,2.05,#9ca3af
NO2,coches_total,2,air_quality,urn:ngsi:AirQualityObserved:HOP94e6867c2386,Aquatec - C/ Salitre,37.604937216,-0.988018993,4,radius,296.7,anprFlowObserved:9|anprFlowObserved:17|anprFlowObserved:10|anprFlowObserved:8,no_data_in_window,0.0,0,0,0,0,0,0.0,0.0,2159,,,2.03,#9ca3af
NO2,coches_total,3,air_quality,urn:ngsi:AirQualityObserved:HOP94e6867c2386,Aquatec - C/ Salitre,37.604937216,-0.988018993,4,radius,296.7,anprFlowObserved:9|anprFlowObserved:17|anprFlowObserved:10|anprFlowObserved:8,no_data_in_window,0.0,0,0,0,0,0,0.0,0.0,2159,,,2.04,#9ca3af
NO2,coches_total,0,air_quality,urn:ngsi:AirQualityObserved:HOP94e6867c2712,Aquatec - Paseo Alfonso XII,37.5981729,-0.9797907,1,radius,25.7,anprFlowObserved:6,no_signal,0.0,0,0,0,0,0,98.61,98.61,30,,,1.9,#64748b
NO2,coches_total,1,air_quality,urn:ngsi:AirQualityObserved:HOP94e6867c2712,Aquatec - Paseo Alfonso XII,37.5981729,-0.9797907,1,radius,25.7,anprFlowObserved:6,no_signal,0.0,0,0,0,0,0,98.61,98.61,30,,,2.05,#64748b
NO2,coches_total,2,air_quality,urn:ngsi:AirQualityObserved:HOP94e6867c2712,Aquatec - Paseo Alfonso XII,37.5981729,-0.9797907,1,radius,25.7,anprFlowObserved:6,no_signal,0.0,0,0,0,0,0,98.61,98.61,30,,,2.03,#64748b
NO2,coches_total,3,air_quality,urn:ngsi:AirQualityObserved:HOP94e6867c2712,Aquatec - Paseo Alfonso XII,37.5981729,-0.9797907,1,radius,25.7,anprFlowObserved:6,no_signal,0.0,0,0,0,0,0,98.61,98.61,30,,,2.04,#64748b
NO2,coches_total,0,air_quality,urn:ngsi:AirQualityObserved:HOPa842e389d9b6,AQN3 - Paseo Alfonso XIII,37.606674,-0.989302,4,radius,273.9,anprFlowObserved:9|anprFlowObserved:17|anprFlowObserved:11|anprFlowObserved:10,no_data_in_window,0.0,0,0,0,0,0,0.0,0.0,2159,,,1.9,#9ca3af
NO2,coches_total,1,air_quality,urn:ngsi:AirQualityObserved:HOPa842e389d9b6,AQN3 - Paseo Alfonso XIII,37.606674,-0.989302,4,radius,273.9,anprFlowObserved:9|anprFlowObserved:17|anprFlowObserved:11|anprFlowObserved:10,no_data_in_window,0.0,0,0,0,0,0,0.0,0.0,2159,,,2.05,#9ca3af
NO2,coches_total,2,air_quality,urn:ngsi:AirQualityObserved:HOPa842e389d9b6,AQN3 - Paseo Alfonso XIII,37.606674,-0.989302,4,radius,273.9,anprFlowObserved:9|anprFlowObserved:17|anprFlowObserved:11|anprFlowObserved:10,no_data_in_window,0.0,0,0,0,0,0,0.0,0.0,2159,,,2.03,#9ca3af
NO2,coches_total,3,air_quality,urn:ngsi:AirQualityObserved:HOPa842e389d9b6,AQN3 - Paseo Alfonso XIII,37.606674,-0.989302,4,radius,273.9,anprFlowObserved:9|anprFlowObserved:17|anprFlowObserved:11|anprFlowObserved:10,no_data_in_window,0.0,0,0,0,0,0,0.0,0.0,2159,,,2.04,#9ca3af
NO2,coches_total,0,air_quality,urn:ngsi:AirQualityObserved:HOPa842e389da1e,AQ1 - BusCT,37.6032714,-0.976467,1,nearest_fallback,543.3,anprFlowObserved:4,no_data_in_window,0.0,0,0,0,0,0,0.0,0.0,2159,,,1.9,#9ca3af
NO2,coches_total,1,air_quality,urn:ngsi:AirQualityObserved:HOPa842e389da1e,AQ1 - BusCT,37.6032714,-0.976467,1,nearest_fallback,543.3,anprFlowObserved:4,no_data_in_window,0.0,0,0,0,0,0,0.0,0.0,2159,,,2.05,#9ca3af
NO2,coches_total,2,air_quality,urn:ngsi:AirQualityObserved:HOPa842e389da1e,AQ1 - BusCT,37.6032714,-0.976467,1,nearest_fallback,543.3,anprFlowObserved:4,no_data_in_window,0.0,0,0,0,0,0,0.0,0.0,2159,,,2.03,#9ca3af
NO2,coches_total,3,air_quality,urn:ngsi:AirQualityObserved:HOPa842e389da1e,AQ1 - BusCT,37.6032714,-0.976467,1,nearest_fallback,543.3,anprFlowObserved:4,no_data_in_window,0.0,0,0,0,0,0,0.0,0.0,2159,,,2.04,#9ca3af
NO2,coches_total,0,air_quality,urn:ngsi:AirQualityObserved:HOPac67b2cd1c9e,AQ2 - San Francisco,37.6019439,-0.983765,1,nearest_fallback,413.8,anprFlowObserved:8,no_signal,0.0,0,0,0,0,0,4.03,1.57,2072,1.2619,0.3566,1.9,#64748b
NO2,coches_total,1,air_quality,urn:ngsi:AirQualityObserved:HOPac67b2cd1c9e,AQ2 - San Francisco,37.6019439,-0.983765,1,nearest_fallback,413.8,anprFlowObserved:8,no_signal,0.0,0,0,0,0,0,4.03,1.57,2072,1.268,0.3689,2.05,#64748b
NO2,coches_total,2,air_quality,urn:ngsi:AirQualityObserved:HOPac67b2cd1c9e,AQ2 - San Francisco,37.6019439,-0.983765,1,nearest_fallback,413.8,anprFlowObserved:8,no_signal,0.0,0,0,0,0,0,4.03,1.57,2072,1.2921,0.3764,2.03,#64748b
NO2,coches_total,0,air_quality,urn:ngsi:AirQualityObserved:HOPac67b2cd1cd6,AQN4 - Alameda de San Antón,37.608817,-0.992348,2,radius,173.0,anprFlowObserved:12|anprFlowObserved:11,no_data_in_window,0.0,0,0,0,0,0,0.0,0.0,2159,,,1.9,#9ca3af
NO2,coches_total,1,air_quality,urn:ngsi:AirQualityObserved:HOPac67b2cd1cd6,AQN4 - Alameda de San Antón,37.608817,-0.992348,2,radius,173.0,anprFlowObserved:12|anprFlowObserved:11,no_data_in_window,0.0,0,0,0,0,0,0.0,0.0,2159,,,2.05,#9ca3af
NO2,coches_total,2,air_quality,urn:ngsi:AirQualityObserved:HOPac67b2cd1cd6,AQN4 - Alameda de San Antón,37.608817,-0.992348,2,radius,173.0,anprFlowObserved:12|anprFlowObserved:11,no_data_in_window,0.0,0,0,0,0,0,0.0,0.0,2159,,,2.03,#9ca3af
NO2,coches_total,3,air_quality,urn:ngsi:AirQualityObserved:HOPac67b2cd1cd6,AQN4 - Alameda de San Antón,37.608817,-0.992348,2,radius,173.0,anprFlowObserved:12|anprFlowObserved:11,no_data_in_window,0.0,0,0,0,0,0,0.0,0.0,2159,,,2.04,#9ca3af
NO2,coches_total,0,air_quality,urn:ngsi:AirQualityObserved:HOPac67b2cd1d4e,C/ Ciclamen,37.6122131,-1.0095078,1,nearest_fallback,1637.5,anprFlowObserved:12,no_signal,0.0,0,0,0,0,0,1.9,0.0,2118,-1.0285,0.5732,1.9,#64748b
NO2,coches_total,1,air_quality,urn:ngsi:AirQualityObserved:HOPac67b2cd1d4e,C/ Ciclamen,37.6122131,-1.0095078,1,nearest_fallback,1637.5,anprFlowObserved:12,no_signal,0.0,0,0,0,0,0,1.9,0.0,2118,-1.0821,0.5829,2.05,#64748b
NO2,coches_total,2,air_quality,urn:ngsi:AirQualityObserved:HOPac67b2cd1d4e,C/ Ciclamen,37.6122131,-1.0095078,1,nearest_fallback,1637.5,anprFlowObserved:12,no_signal,0.0,0,0,0,0,0,1.9,0.0,2118,-0.9403,0.6183,2.03,#64748b
NO2,coches_total,0,air_quality,urn:ngsi:AirQualityObserved:HOPac67b2cd1d56,AQ1 - Puerto,37.5979347,-0.9851199,1,radius,283.5,anprFlowObserved:7,no_signal,0.0,0,0,0,0,0,4.82,4.82,2055,,,1.9,#64748b
NO2,coches_total,1,air_quality,urn:ngsi:AirQualityObserved:HOPac67b2cd1d56,AQ1 - Puerto,37.5979347,-0.9851199,1,radius,283.5,anprFlowObserved:7,no_signal,0.0,0,0,0,0,0,4.82,4.82,2055,,,2.05,#64748b
NO2,coches_total,2,air_quality,urn:ngsi:AirQualityObserved:HOPac67b2cd1d56,AQ1 - Puerto,37.5979347,-0.9851199,1,radius,283.5,anprFlowObserved:7,no_signal,0.0,0,0,0,0,0,4.82,4.82,2055,,,2.03,#64748b
NO2,coches_total,3,air_quality,urn:ngsi:AirQualityObserved:HOPac67b2cd1d56,AQ1 - Puerto,37.5979347,-0.9851199,1,radius,283.5,anprFlowObserved:7,no_signal,0.0,0,0,0,0,0,4.82,4.82,2055,,,2.04,#64748b
NO2,coches_total,0,air_quality,urn:ngsi:AirQualityObserved:HOPac67b2cd222e,AQN5 - Av Reina Victoria,37.60998,-0.984489,2,radius,164.3,anprFlowObserved:14|anprFlowObserved:13,no_data_in_window,0.0,0,0,0,0,0,0.0,0.0,2159,,,1.9,#9ca3af
NO2,coches_total,1,air_quality,urn:ngsi:AirQualityObserved:HOPac67b2cd222e,AQN5 - Av Reina Victoria,37.60998,-0.984489,2,radius,164.3,anprFlowObserved:14|anprFlowObserved:13,no_data_in_window,0.0,0,0,0,0,0,0.0,0.0,2159,,,2.05,#9ca3af
NO2,coches_total,2,air_quality,urn:ngsi:AirQualityObserved:HOPac67b2cd222e,AQN5 - Av Reina Victoria,37.60998,-0.984489,2,radius,164.3,anprFlowObserved:14|anprFlowObserved:13,no_data_in_window,0.0,0,0,0,0,0,0.0,0.0,2159,,,2.03,#9ca3af
NO2,coches_total,3,air_quality,urn:ngsi:AirQualityObserved:HOPac67b2cd222e,AQN5 - Av Reina Victoria,37.60998,-0.984489,2,radius,164.3,anprFlowObserved:14|anprFlowObserved:13,no_data_in_window,0.0,0,0,0,0,0,0.0,0.0,2159,,,2.04,#9ca3af
NO2,coches_total,0,air_quality,urn:ngsi:AirQualityObserved:HOPac67b2d5cb4a,"AQN6 - C. Jiménez de la Espada, 43",37.607955,-0.985688,4,radius,203.6,anprFlowObserved:16|anprFlowObserved:2|anprFlowObserved:13|anprFlowObserved:17,no_data_in_window,0.0,0,0,0,0,0,0.0,0.0,2159,,,1.9,#9ca3af
NO2,coches_total,1,air_quality,urn:ngsi:AirQualityObserved:HOPac67b2d5cb4a,"AQN6 - C. Jiménez de la Espada, 43",37.607955,-0.985688,4,radius,203.6,anprFlowObserved:16|anprFlowObserved:2|anprFlowObserved:13|anprFlowObserved:17,no_data_in_window,0.0,0,0,0,0,0,0.0,0.0,2159,,,2.05,#9ca3af
NO2,coches_total,2,air_quality,urn:ngsi:AirQualityObserved:HOPac67b2d5cb4a,"AQN6 - C. Jiménez de la Espada, 43",37.607955,-0.985688,4,radius,203.6,anprFlowObserved:16|anprFlowObserved:2|anprFlowObserved:13|anprFlowObserved:17,no_data_in_window,0.0,0,0,0,0,0,0.0,0.0,2159,,,2.03,#9ca3af
NO2,coches_total,3,air_quality,urn:ngsi:AirQualityObserved:HOPac67b2d5cb4a,"AQN6 - C. Jiménez de la Espada, 43",37.607955,-0.985688,4,radius,203.6,anprFlowObserved:16|anprFlowObserved:2|anprFlowObserved:13|anprFlowObserved:17,no_data_in_window,0.0,0,0,0,0,0,0.0,0.0,2159,,,2.04,#9ca3af
PM10,coches_total,3,air_quality,urn:ngsi:AirQualityObserved:HOP94e6867c1532,Aquatec - C/Angel Bruna,37.608654022,-0.985216022,4,radius,180.9,anprFlowObserved:14|anprFlowObserved:13|anprFlowObserved:16|anprFlowObserved:2,HH,10.19,220,166,2,0,52,100.0,18.34,0,0.1768,0.3908,1.93,#b91c1c
PM10,coches_total,1,air_quality,urn:ngsi:AirQualityObserved:HOP94e6867c1532,Aquatec - C/Angel Bruna,37.608654022,-0.985216022,4,radius,180.9,anprFlowObserved:14|anprFlowObserved:13|anprFlowObserved:16|anprFlowObserved:2,HH,9.82,212,163,1,1,47,100.0,18.25,0,0.1835,0.3945,1.98,#b91c1c
PM10,coches_total,2,air_quality,urn:ngsi:AirQualityObserved:HOP94e6867c1532,Aquatec - C/Angel Bruna,37.608654022,-0.985216022,4,radius,180.9,anprFlowObserved:14|anprFlowObserved:13|anprFlowObserved:16|anprFlowObserved:2,HH,9.82,212,162,1,2,47,100.0,18.3,0,0.1833,0.3936,2.2,#b91c1c
PM10,coches_total,0,air_quality,urn:ngsi:AirQualityObserved:HOP94e6867c1532,Aquatec - C/Angel Bruna,37.608654022,-0.985216022,4,radius,180.9,anprFlowObserved:14|anprFlowObserved:13|anprFlowObserved:16|anprFlowObserved:2,HH,9.31,201,161,0,2,38,100.0,18.16,0,0.1794,0.3965,2.02,#b91c1c
PM10,coches_total,2,air_quality,urn:ngsi:AirQualityObserved:HOP94e68679c5b2,Aquatec - C/ Juan de la Cosa,37.6077778,-0.981388889,3,radius,202.0,anprFlowObserved:15|anprFlowObserved:4|anprFlowObserved:3,LH,7.83,169,2,4,0,163,100.0,18.3,0,-0.0331,0.5846,2.2,#7c3aed
PM10,coches_total,1,air_quality,urn:ngsi:AirQualityObserved:HOP94e68679c5b2,Aquatec - C/ Juan de la Cosa,37.6077778,-0.981388889,3,radius,202.0,anprFlowObserved:15|anprFlowObserved:4|anprFlowObserved:3,LH,7.78,168,1,6,0,161,100.0,18.25,0,-0.0426,0.5805,1.98,#7c3aed
PM10,coches_total,3,air_quality,urn:ngsi:AirQualityObserved:HOP94e68679c5b2,Aquatec - C/ Juan de la Cosa,37.6077778,-0.981388889,3,radius,202.0,anprFlowObserved:15|anprFlowObserved:4|anprFlowObserved:3,LH,7.69,166,1,5,0,160,100.0,18.34,0,-0.0259,0.577,1.93,#7c3aed
PM10,coches_total,0,air_quality,urn:ngsi:AirQualityObserved:HOP94e68679c5b2,Aquatec - C/ Juan de la Cosa,37.6077778,-0.981388889,3,radius,202.0,anprFlowObserved:15|anprFlowObserved:4|anprFlowObserved:3,LH,7.5,162,1,5,0,156,100.0,18.16,0,-0.0476,0.5827,2.02,#7c3aed
PM10,coches_total,2,air_quality,urn:ngsi:AirQualityObserved:HOP94e6867ae312,C/ Loma de Canteras,37.618388,-1.032256,1,nearest_fallback,3744.9,anprFlowObserved:12,LH,5.25,113,30,0,0,83,99.72,18.34,6,-0.1858,0.4789,2.2,#7c3aed
PM10,coches_total,2,air_quality,urn:ngsi:AirQualityObserved:HOP94e6867bf52a,AQPMN2G 01,37.642688751,-1.09544003,1,nearest_fallback,9889.0,anprFlowObserved:12,mixed,5.25,113,55,0,0,58,99.68,18.02,7,0.1717,0.4782,2.2,#0f766e
PM10,coches_total,2,air_quality,urn:ngsi:AirQualityObserved:HOP94e6867c1c56,C/ Zorita,37.614798,-1.043541,1,nearest_fallback,4645.3,anprFlowObserved:12,LH,5.23,113,30,0,0,83,100.0,18.34,0,-0.214,0.4782,2.2,#7c3aed
PM10,coches_total,2,air_quality,urn:ngsi:AirQualityObserved:HOP94e6867c2466,Av. Descubrimiento de América,37.618964,-1.027056,1,nearest_fallback,3324.4,anprFlowObserved:12,LH,5.23,113,37,0,0,76,100.0,18.34,0,-0.1346,0.4782,2.2,#7c3aed
PM10,coches_total,3,air_quality,urn:ngsi:AirQualityObserved:HOP94e6867c2186,Aquatec - C/ Carlos III,37.60592,-0.98264,4,radius,229.0,anprFlowObserved:4|anprFlowObserved:3|anprFlowObserved:15|anprFlowObserved:2,LH,5.05,109,0,2,0,107,100.0,18.34,0,-0.3016,0.6146,1.93,#7c3aed
PM10,coches_total,0,air_quality,urn:ngsi:AirQualityObserved:HOP94e6867c1842,Aquatec - Plaza del Rey,37.6,-0.988055556,2,radius,256.9,anprFlowObserved:7|anprFlowObserved:8,LL,5.0,108,0,70,38,0,100.0,31.68,0,-0.0024,0.2851,2.02,#1d4ed8
PM10,coches_total,1,air_quality,urn:ngsi:AirQualityObserved:HOP94e6867c2186,Aquatec - C/ Carlos III,37.60592,-0.98264,4,radius,229.0,anprFlowObserved:4|anprFlowObserved:3|anprFlowObserved:15|anprFlowObserved:2,LH,5.0,108,1,2,0,105,100.0,18.25,0,-0.3109,0.6135,1.98,#7c3aed
PM10,coches_total,0,air_quality,urn:ngsi:AirQualityObserved:HOP94e6867c0df2,Aquatec - Plaza de España,37.605122,-0.991117,3,radius,254.5,anprFlowObserved:10|anprFlowObserved:9|anprFlowObserved:11,mixed,4.82,104,2,62,37,3,100.0,19.27,0,0.0512,0.3811,2.02,#0f766e
PM10,coches_total,3,air_quality,urn:ngsi:AirQualityObserved:HOP94e6867c1842,Aquatec - Plaza del Rey,37.6,-0.988055556,2,radius,256.9,anprFlowObserved:7|anprFlowObserved:8,LL,4.82,104,0,70,34,0,100.0,31.87,0,0.0015,0.2823,1.93,#1d4ed8
PM10,coches_total,0,air_quality,urn:ngsi:AirQualityObserved:HOP94e6867c2186,Aquatec - C/ Carlos III,37.60592,-0.98264,4,radius,229.0,anprFlowObserved:4|anprFlowObserved:3|anprFlowObserved:15|anprFlowObserved:2,LH,4.63,100,1,0,0,99,100.0,18.16,0,-0.3135,0.6137,2.02,#7c3aed
PM10,coches_total,2,air_quality,urn:ngsi:AirQualityObserved:HOP94e6867c0df2,Aquatec - Plaza de España,37.605122,-0.991117,3,radius,254.5,anprFlowObserved:10|anprFlowObserved:9|anprFlowObserved:11,LL,4.49,97,0,69,23,5,100.0,19.36,0,0.053,0.378,2.2,#1d4ed8
PM10,coches_total,1,air_quality,urn:ngsi:AirQualityObserved:HOP94e6867c0df2,Aquatec - Plaza de España,37.605122,-0.991117,3,radius,254.5,anprFlowObserved:10|anprFlowObserved:9|anprFlowObserved:11,LL,4.4,95,0,69,20,6,100.0,19.31,0,0.0459,0.3788,1.98,#1d4ed8
PM10,coches_total,2,air_quality,urn:ngsi:AirQualityObserved:HOP94e6867c1842,Aquatec - Plaza del Rey,37.6,-0.988055556,2,radius,256.9,anprFlowObserved:7|anprFlowObserved:8,LL,4.35,94,0,63,31,0,100.0,31.82,0,-0.0028,0.2819,2.2,#1d4ed8
PM10,coches_total,1,air_quality,urn:ngsi:AirQualityObserved:HOP94e6867c1842,Aquatec - Plaza del Rey,37.6,-0.988055556,2,radius,256.9,anprFlowObserved:7|anprFlowObserved:8,LL,4.26,92,1,57,34,0,100.0,31.77,0,-0.0024,0.2856,1.98,#1d4ed8
PM10,coches_total,2,air_quality,urn:ngsi:AirQualityObserved:HOP94e6867c2186,Aquatec - C/ Carlos III,37.60592,-0.98264,4,radius,229.0,anprFlowObserved:4|anprFlowObserved:3|anprFlowObserved:15|anprFlowObserved:2,LH,4.21,91,1,1,0,89,100.0,18.3,0,-0.3073,0.6196,2.2,#7c3aed
PM10,coches_total,3,air_quality,urn:ngsi:AirQualityObserved:HOP94e6867c0a5a,Aquatec - Calle Real,37.60372,-0.990846,3,radius,264.8,anprFlowObserved:10|anprFlowObserved:9|anprFlowObserved:8,HL,4.17,90,2,33,54,1,100.0,18.99,0,-0.8352,0.3778,1.93,#ea580c
PM10,coches_total,3,air_quality,urn:ngsi:AirQualityObserved:HOP94e6867c0df2,Aquatec - Plaza de España,37.605122,-0.991117,3,radius,254.5,anprFlowObserved:10|anprFlowObserved:9|anprFlowObserved:11,LL,4.12,89,2,62,23,2,100.0,19.41,0,0.0605,0.3782,1.93,#1d4ed8
PM10,coches_total,2,air_quality,urn:ngsi:AirQualityObserved:HOP94e6867c0a5a,Aquatec - Calle Real,37.60372,-0.990846,3,radius,264.8,anprFlowObserved:10|anprFlowObserved:9|anprFlowObserved:8,HL,3.98,86,4,29,53,0,100.0,18.94,0,-0.7245,0.3795,2.2,#ea580c
PM10,coches_total,0,air_quality,urn:ngsi:AirQualityObserved:HOP94e6867c0a5a,Aquatec - Calle Real,37.60372,-0.990846,3,radius,264.8,anprFlowObserved:10|anprFlowObserved:9|anprFlowObserved:8,mixed,3.94,85,3,37,45,0,100.0,18.81,0,-0.6283,0.3782,2.02,#0f766e
PM10,coches_total,1,air_quality,urn:ngsi:AirQualityObserved:HOP94e6867ae312,C/ Loma de Canteras,37.618388,-1.032256,1,nearest_fallback,3744.9,anprFlowObserved:12,LH,3.81,82,20,0,0,62,99.72,18.3,6,-0.177,0.4859,1.98,#7c3aed
PM10,coches_total,1,air_quality,urn:ngsi:AirQualityObserved:HOP94e6867bf52a,AQPMN2G 01,37.642688751,-1.09544003,1,nearest_fallback,9889.0,anprFlowObserved:12,mixed,3.81,82,35,0,0,47,99.68,17.97,7,0.1659,0.4854,1.98,#0f766e
PM10,coches_total,1,air_quality,urn:ngsi:AirQualityObserved:HOP94e6867c1c56,C/ Zorita,37.614798,-1.043541,1,nearest_fallback,4645.3,anprFlowObserved:12,LH,3.8,82,16,0,0,66,100.0,18.3,0,-0.2127,0.4854,1.98,#7c3aed
PM10,coches_total,1,air_quality,urn:ngsi:AirQualityObserved:HOP94e6867c2466,Av. Descubrimiento de América,37.618964,-1.027056,1,nearest_fallback,3324.4,anprFlowObserved:12,LH,3.8,82,20,0,0,62,100.0,18.3,0,-0.1439,0.4854,1.98,#7c3aed
PM10,coches_total,0,air_quality,urn:ngsi:AirQualityObserved:HOP94e6867c0222,Aquatec - Capitanes Ripoll,37.60623,-0.977768,1,nearest_fallback,337.0,anprFlowObserved:4,LH,3.75,81,12,0,0,69,100.0,18.16,0,-0.3119,0.5622,2.02,#7c3aed
PM10,coches_total,0,air_quality,urn:ngsi:AirQualityObserved:HOP94e6867c28e2,Aquatec - C/San Diego,37.60347,-0.97896,1,nearest_fallback,364.1,anprFlowObserved:4,HH,3.75,81,71,0,0,10,100.0,18.16,0,0.8767,0.5622,2.02,#b91c1c
PM10,coches_total,0,air_quality,urn:ngsi:AirQualityObserved:HOPe0e2e632fa1e,Aquatec - C/ Serreta,37.60355,-0.98363,1,nearest_fallback,326.7,anprFlowObserved:4,HH,3.75,81,61,0,0,20,100.0,18.16,0,0.579,0.5622,2.02,#b91c1c
PM10,coches_total,3,air_quality,urn:ngsi:AirQualityObserved:HOP94e6867c0222,Aquatec - Capitanes Ripoll,37.60623,-0.977768,1,nearest_fallback,337.0,anprFlowObserved:4,LH,3.57,77,13,0,0,64,100.0,18.34,0,-0.3146,0.5663,1.93,#7c3aed
PM10,coches_total,3,air_quality,urn:ngsi:AirQualityObserved:HOP94e6867c28e2,Aquatec - C/San Diego,37.60347,-0.97896,1,nearest_fallback,364.1,anprFlowObserved:4,HH,3.57,77,67,0,0,10,100.0,18.34,0,0.8236,0.5663,1.93,#b91c1c
PM10,coches_total,3,air_quality,urn:ngsi:AirQualityObserved:HOPe0e2e632fa1e,Aquatec - C/ Serreta,37.60355,-0.98363,1,nearest_fallback,326.7,anprFlowObserved:4,HH,3.57,77,54,0,0,23,100.0,18.34,0,0.5464,0.5663,1.93,#b91c1c
PM10,coches_total,1,air_quality,urn:ngsi:AirQualityObserved:HOP94e6867c0a5a,Aquatec - Calle Real,37.60372,-0.990846,3,radius,264.8,anprFlowObserved:10|anprFlowObserved:9|anprFlowObserved:8,HL,3.47,75,3,24,48,0,100.0,18.9,0,-0.6609,0.3818,1.98,#ea580c
PM10,coches_total,0,air_quality,urn:ngsi:AirQualityObserved:HOP94e6867bf52a,AQPMN2G 01,37.642688751,-1.09544003,1,nearest_fallback,9889.0,anprFlowObserved:12,mixed,3.35,72,32,0,0,40,99.68,17.88,7,0.1642,0.4821,2.02,#0f766e
PM10,coches_total,0,air_quality,urn:ngsi:AirQualityObserved:HOP94e6867ae312,C/ Loma de Canteras,37.618388,-1.032256,1,nearest_fallback,3744.9,anprFlowObserved:12,mixed,3.34,72,29,0,0,43,99.72,18.2,6,-0.1709,0.4828,2.02,#0f766e
PM10,coches_total,2,air_quality,urn:ngsi:AirQualityObserved:HOP94e6867c0222,Aquatec - Capitanes Ripoll,37.60623,-0.977768,1,nearest_fallback,337.0,anprFlowObserved:4,LH,3.33,72,12,0,0,60,100.0,18.3,0,-0.3159,0.5627,2.2,#7c3aed
PM10,coches_total,0,air_quality,urn:ngsi:AirQualityObserved:HOP94e6867c1c56,C/ Zorita,37.614798,-1.043541,1,nearest_fallback,4645.3,anprFlowObserved:12,LH,3.33,72,18,0,0,54,100.0,18.2,0,-0.2095,0.4821,2.02,#7c3aed
PM10,coches_total,0,air_quality,urn:ngsi:AirQualityObserved:HOP94e6867c2466,Av. Descubrimiento de América,37.618964,-1.027056,1,nearest_fallback,3324.4,anprFlowObserved:12,LH,3.33,72,21,0,0,51,100.0,18.2,0,-0.1324,0.4821,2.02,#7c3aed
PM10,coches_total,2,air_quality,urn:ngsi:AirQualityObserved:HOP94e6867c28e2,Aquatec - C/San Diego,37.60347,-0.97896,1,nearest_fallback,364.1,anprFlowObserved:4,HH,3.33,72,60,0,0,12,100.0,18.3,0,0.8353,0.5627,2.2,#b91c1c
PM10,coches_total,2,air_quality,urn:ngsi:AirQualityObserved:HOPe0e2e632fa1e,Aquatec - C/ Serreta,37.60355,-0.98363,1,nearest_fallback,326.7,anprFlowObserved:4,HH,3.33,72,44,0,0,28,100.0,18.3,0,0.5608,0.5627,2.2,#b91c1c
PM10,coches_total,1,air_quality,urn:ngsi:AirQualityObserved:HOP94e6867c0222,Aquatec - Capitanes Ripoll,37.60623,-0.977768,1,nearest_fallback,337.0,anprFlowObserved:4,LH,2.83,61,10,0,0,51,100.0,18.25,0,-0.314,0.564,1.98,#7c3aed
PM10,coches_total,1,air_quality,urn:ngsi:AirQualityObserved:HOP94e6867c28e2,Aquatec - C/San Diego,37.60347,-0.97896,1,nearest_fallback,364.1,anprFlowObserved:4,HH,2.83,61,54,0,0,7,100.0,18.25,0,0.8533,0.564,1.98,#b91c1c
PM10,coches_total,1,air_quality,urn:ngsi:AirQualityObserved:HOPe0e2e632fa1e,Aquatec - C/ Serreta,37.60355,-0.98363,1,nearest_fallback,326.7,anprFlowObserved:4,HH,2.83,61,40,0,0,21,100.0,18.25,0,0.5702,0.564,1.98,#b91c1c
PM10,coches_total,3,air_quality,urn:ngsi:AirQualityObserved:HOP94e6867bf52a,AQPMN2G 01,37.642688751,-1.09544003,1,nearest_fallback,9889.0,anprFlowObserved:12,mixed,2.65,57,33,0,0,24,99.68,18.06,7,0.1908,0.4859,1.93,#0f766e
PM10,coches_total,3,air_quality,urn:ngsi:AirQualityObserved:HOP94e6867c1c56,C/ Zorita,37.614798,-1.043541,1,nearest_fallback,4645.3,anprFlowObserved:12,LH,2.64,57,22,0,0,35,100.0,18.39,0,-0.1973,0.4859,1.93,#7c3aed
PM10,coches_total,3,air_quality,urn:ngsi:AirQualityObserved:HOP94e6867c2466,Av. Descubrimiento de América,37.618964,-1.027056,1,nearest_fallback,3324.4,anprFlowObserved:12,LH,2.64,57,19,0,0,38,100.0,18.39,0,-0.1175,0.4859,1.93,#7c3aed
PM10,coches_total,3,air_quality,urn:ngsi:AirQualityObserved:HOP94e6867ae312,C/ Loma de Canteras,37.618388,-1.032256,1,nearest_fallback,3744.9,anprFlowObserved:12,LH,2.6,56,16,0,0,40,99.72,18.39,6,-0.181,0.4867,1.93,#7c3aed
PM10,coches_total,1,air_quality,urn:ngsi:AirQualityObserved:HOPac67b2cd1d4e,C/ Ciclamen,37.6122131,-1.0095078,1,nearest_fallback,1637.5,anprFlowObserved:12,LH,2.44,1,0,0,0,1,1.9,0.0,2118,-0.9902,0.5659,1.98,#7c3aed
PM10,coches_total,2,air_quality,urn:ngsi:AirQualityObserved:HOPac67b2cd1d4e,C/ Ciclamen,37.6122131,-1.0095078,1,nearest_fallback,1637.5,anprFlowObserved:12,LH,2.44,1,0,0,0,1,1.9,0.0,2118,-0.8781,0.6085,2.2,#7c3aed
PM10,coches_total,3,air_quality,urn:ngsi:AirQualityObserved:HOP94e6867c249e,Aquatec - C/ Jimenez de la Espada,37.60783,-0.99,4,radius,230.2,anprFlowObserved:11|anprFlowObserved:12|anprFlowObserved:9|anprFlowObserved:17,LH,2.33,26,1,0,0,25,51.64,12.78,1044,-0.0914,0.5501,1.93,#7c3aed
PM10,coches_total,0,air_quality,urn:ngsi:AirQualityObserved:HOP94e6867c249e,Aquatec - C/ Jimenez de la Espada,37.60783,-0.99,4,radius,230.2,anprFlowObserved:11|anprFlowObserved:12|anprFlowObserved:9|anprFlowObserved:17,LH,2.15,24,1,0,0,23,51.64,12.6,1044,-0.088,0.5494,2.02,#7c3aed
PM10,coches_total,1,air_quality,urn:ngsi:AirQualityObserved:HOP94e6867c249e,Aquatec - C/ Jimenez de la Espada,37.60783,-0.99,4,radius,230.2,anprFlowObserved:11|anprFlowObserved:12|anprFlowObserved:9|anprFlowObserved:17,LH,2.06,23,1,0,0,22,51.64,12.69,1044,-0.0869,0.5495,1.98,#7c3aed
PM10,coches_total,2,air_quality,urn:ngsi:AirQualityObserved:HOP94e6867c249e,Aquatec - C/ Jimenez de la Espada,37.60783,-0.99,4,radius,230.2,anprFlowObserved:11|anprFlowObserved:12|anprFlowObserved:9|anprFlowObserved:17,LH,1.97,22,1,0,0,21,51.64,12.74,1044,-0.0902,0.5486,2.2,#7c3aed
PM10,coches_total,1,air_quality,urn:ngsi:AirQualityObserved:HOP94e6867c087e,Aquatec - Ctra de la Algameca,37.60379977,-0.99406271,1,radius,278.8,anprFlowObserved:10,HL,1.39,30,0,9,21,0,100.0,38.4,0,-0.7255,0.3182,1.98,#ea580c
PM10,coches_total,2,air_quality,urn:ngsi:AirQualityObserved:HOP94e6867c087e,Aquatec - Ctra de la Algameca,37.60379977,-0.99406271,1,radius,278.8,anprFlowObserved:10,HL,1.3,28,0,9,19,0,100.0,38.44,0,-0.734,0.3159,2.2,#ea580c
PM10,coches_total,3,air_quality,urn:ngsi:AirQualityObserved:HOP94e6867c087e,Aquatec - Ctra de la Algameca,37.60379977,-0.99406271,1,radius,278.8,anprFlowObserved:10,HL,1.25,27,0,6,21,0,100.0,38.49,0,-0.7217,0.3172,1.93,#ea580c
PM10,coches_total,0,air_quality,urn:ngsi:AirQualityObserved:HOP94e6867c0966,Aquatec - C/ Juan Fernández,37.608095402,-0.987760799,4,radius,284.7,anprFlowObserved:17|anprFlowObserved:13|anprFlowObserved:16|anprFlowObserved:2,mixed,1.25,27,13,1,0,13,100.0,18.16,0,0.043,0.5316,2.02,#0f766e
PM10,coches_total,0,air_quality,urn:ngsi:AirQualityObserved:HOP94e6867c087e,Aquatec - Ctra de la Algameca,37.60379977,-0.99406271,1,radius,278.8,anprFlowObserved:10,HL,1.2,26,0,7,19,0,100.0,38.35,0,-0.7177,0.3168,2.02,#ea580c
PM10,coches_total,1,air_quality,urn:ngsi:AirQualityObserved:HOP94e6867c0966,Aquatec - C/ Juan Fernández,37.608095402,-0.987760799,4,radius,284.7,anprFlowObserved:17|anprFlowObserved:13|anprFlowObserved:16|anprFlowObserved:2,mixed,1.16,25,12,1,2,10,100.0,18.25,0,0.0367,0.5365,1.98,#0f766e
PM10,coches_total,2,air_quality,urn:ngsi:AirQualityObserved:HOP94e6867c0966,Aquatec - C/ Juan Fernández,37.608095402,-0.987760799,4,radius,284.7,anprFlowObserved:17|anprFlowObserved:13|anprFlowObserved:16|anprFlowObserved:2,mixed,0.93,20,8,0,1,11,100.0,18.3,0,0.0295,0.5395,2.2,#0f766e
PM10,coches_total,3,air_quality,urn:ngsi:AirQualityObserved:HOP94e6867c0966,Aquatec - C/ Juan Fernández,37.608095402,-0.987760799,4,radius,284.7,anprFlowObserved:17|anprFlowObserved:13|anprFlowObserved:16|anprFlowObserved:2,mixed,0.83,18,5,1,2,10,100.0,18.34,0,0.0193,0.5372,1.93,#0f766e
PM10,coches_total,0,air_quality,urn:ngsi:AirQualityObserved:HOPac67b2cd222e,AQN5 - Av Reina Victoria,37.60998,-0.984489,2,radius,164.3,anprFlowObserved:14|anprFlowObserved:13,LH,0.79,1,0,0,0,1,5.84,0.0,2033,0.2519,0.5813,2.02,#7c3aed
PM10,coches_total,0,air_quality,urn:ngsi:AirQualityObserved:HOPac67b2cd1cd6,AQN4 - Alameda de San Antón,37.608817,-0.992348,2,radius,173.0,anprFlowObserved:12|anprFlowObserved:11,HH,0.78,1,1,0,0,0,5.93,0.0,2031,0.339,0.6523,2.02,#b91c1c
PM10,coches_total,1,air_quality,urn:ngsi:AirQualityObserved:HOPac67b2cd1cd6,AQN4 - Alameda de San Antón,37.608817,-0.992348,2,radius,173.0,anprFlowObserved:12|anprFlowObserved:11,HH,0.78,1,1,0,0,0,5.93,0.0,2031,0.3501,0.6512,1.98,#b91c1c
PM10,coches_total,1,air_quality,urn:ngsi:AirQualityObserved:HOPac67b2cd1c9e,AQ2 - San Francisco,37.6019439,-0.983765,1,nearest_fallback,413.8,anprFlowObserved:8,LL,0.74,1,0,1,0,0,6.25,2.78,2024,0.9208,0.384,1.98,#1d4ed8
PM10,coches_total,1,air_quality,urn:ngsi:AirQualityObserved:HOP94e6867bf326,Aquatec - C/ Ramón y Cajal,37.608898092,-0.990987387,2,radius,177.4,anprFlowObserved:12|anprFlowObserved:11,LH,0.69,15,2,0,0,13,100.0,18.25,0,-0.2328,0.7092,1.98,#7c3aed
PM10,coches_total,2,air_quality,urn:ngsi:AirQualityObserved:HOP94e6867bf326,Aquatec - C/ Ramón y Cajal,37.608898092,-0.990987387,2,radius,177.4,anprFlowObserved:12|anprFlowObserved:11,LH,0.69,15,2,0,0,13,100.0,18.3,0,-0.2319,0.7097,2.2,#7c3aed
PM10,coches_total,0,air_quality,urn:ngsi:AirQualityObserved:HOP94e6867aa682,Aquatec - C/ Pintor Balaca,37.609571,-0.987615,3,radius,290.3,anprFlowObserved:13|anprFlowObserved:14|anprFlowObserved:17,LH,0.65,14,0,0,0,14,99.21,18.16,17,-0.0898,0.5819,2.02,#7c3aed
PM10,coches_total,2,air_quality,urn:ngsi:AirQualityObserved:HOP94e6867aa682,Aquatec - C/ Pintor Balaca,37.609571,-0.987615,3,radius,290.3,anprFlowObserved:13|anprFlowObserved:14|anprFlowObserved:17,LH,0.51,11,0,0,0,11,99.21,18.3,17,-0.0916,0.59,2.2,#7c3aed
PM10,coches_total,3,air_quality,urn:ngsi:AirQualityObserved:HOP94e6867bf326,Aquatec - C/ Ramón y Cajal,37.608898092,-0.990987387,2,radius,177.4,anprFlowObserved:12|anprFlowObserved:11,LH,0.51,11,1,0,0,10,100.0,18.34,0,-0.2249,0.7111,1.93,#7c3aed
PM10,coches_total,3,air_quality,urn:ngsi:AirQualityObserved:HOP94e6867c064e,Aquatec - Parque Sauces,37.60905,-0.982657,4,radius,271.4,anprFlowObserved:15|anprFlowObserved:14|anprFlowObserved:3|anprFlowObserved:16,HL,0.4,4,1,0,3,0,45.99,7.13,1166,-0.0,0.7182,1.93,#ea580c
PM10,coches_total,0,air_quality,urn:ngsi:AirQualityObserved:HOP94e6867bf326,Aquatec - C/ Ramón y Cajal,37.608898092,-0.990987387,2,radius,177.4,anprFlowObserved:12|anprFlowObserved:11,LH,0.37,8,1,0,0,7,100.0,18.16,0,-0.226,0.7083,2.02,#7c3aed
PM10,coches_total,0,air_quality,urn:ngsi:AirQualityObserved:HOP94e6867c064e,Aquatec - Parque Sauces,37.60905,-0.982657,4,radius,271.4,anprFlowObserved:15|anprFlowObserved:14|anprFlowObserved:3|anprFlowObserved:16,HL,0.3,3,0,1,2,0,45.99,6.95,1166,0.0204,0.7212,2.02,#ea580c
PM10,coches_total,1,air_quality,urn:ngsi:AirQualityObserved:HOP94e6867c064e,Aquatec - Parque Sauces,37.60905,-0.982657,4,radius,271.4,anprFlowObserved:15|anprFlowObserved:14|anprFlowObserved:3|anprFlowObserved:16,mixed,0.3,3,0,1,1,1,45.99,7.04,1166,0.0161,0.7213,1.98,#0f766e
PM10,coches_total,2,air_quality,urn:ngsi:AirQualityObserved:HOP94e6867c064e,Aquatec - Parque Sauces,37.60905,-0.982657,4,radius,271.4,anprFlowObserved:15|anprFlowObserved:14|anprFlowObserved:3|anprFlowObserved:16,HL,0.3,3,0,1,2,0,45.99,7.09,1166,0.0081,0.7195,2.2,#ea580c
PM10,coches_total,3,air_quality,urn:ngsi:AirQualityObserved:HOP94e6867aa682,Aquatec - C/ Pintor Balaca,37.609571,-0.987615,3,radius,290.3,anprFlowObserved:13|anprFlowObserved:14|anprFlowObserved:17,LH,0.28,6,0,0,0,6,99.21,18.34,17,-0.0913,0.5852,1.93,#7c3aed
PM10,coches_total,1,air_quality,urn:ngsi:AirQualityObserved:HOP94e6867aa682,Aquatec - C/ Pintor Balaca,37.609571,-0.987615,3,radius,290.3,anprFlowObserved:13|anprFlowObserved:14|anprFlowObserved:17,LH,0.23,5,0,1,0,4,99.21,18.25,17,-0.0913,0.5875,1.98,#7c3aed
PM10,coches_total,3,air_quality,urn:ngsi:AirQualityObserved:HOP94e6867c01f2,Aquatec - C/ San Juan,37.605112,-0.985913,4,radius,294.7,anprFlowObserved:2|anprFlowObserved:17|anprFlowObserved:16|anprFlowObserved:3,LH,0.19,4,0,0,0,4,100.0,18.34,0,-0.0351,0.6148,1.93,#7c3aed
PM10,coches_total,1,air_quality,urn:ngsi:AirQualityObserved:HOP94e6867c01f2,Aquatec - C/ San Juan,37.605112,-0.985913,4,radius,294.7,anprFlowObserved:2|anprFlowObserved:17|anprFlowObserved:16|anprFlowObserved:3,HH,0.14,3,2,0,0,1,100.0,18.25,0,-0.0294,0.6146,1.98,#b91c1c
PM10,coches_total,0,air_quality,urn:ngsi:AirQualityObserved:HOP94e6867c01f2,Aquatec - C/ San Juan,37.605112,-0.985913,4,radius,294.7,anprFlowObserved:2|anprFlowObserved:17|anprFlowObserved:16|anprFlowObserved:3,LH,0.09,2,0,0,0,2,100.0,18.16,0,-0.0293,0.6143,2.02,#7c3aed
PM10,coches_total,2,air_quality,urn:ngsi:AirQualityObserved:HOP94e6867c01f2,Aquatec - C/ San Juan,37.605112,-0.985913,4,radius,294.7,anprFlowObserved:2|anprFlowObserved:17|anprFlowObserved:16|anprFlowObserved:3,LH,0.09,2,0,0,0,2,100.0,18.3,0,-0.032,0.6194,2.2,#7c3aed
PM10,coches_total,1,air_quality,urn:ngsi:AirQualityObserved:HOP94e6867c200a,Aquatec - Plaza Lopez Pinto,37.604565,-0.985117,2,radius,288.5,anprFlowObserved:2|anprFlowObserved:3,HH,0.09,1,1,0,0,0,51.78,12.83,1041,-0.055,0.7618,1.98,#b91c1c
PM10,coches_total,3,air_quality,urn:ngsi:AirQualityObserved:HOP94e6867c200a,Aquatec - Plaza Lopez Pinto,37.604565,-0.985117,2,radius,288.5,anprFlowObserved:2|anprFlowObserved:3,HH,0.09,1,1,0,0,0,51.78,12.92,1041,-0.0239,0.7642,1.93,#b91c1c
PM10,coches_total,0,air_quality,urn:ngsi:AirQualityObserved:HOP94e6867be9fa,Aquatec - Calle Jorge Juan /Ciudad Jardin,37.614975,-0.992527,1,nearest_fallback,609.2,anprFlowObserved:12,no_data_in_window,0.0,0,0,0,0,0,0.0,0.0,2159,,,2.02,#9ca3af
PM10,coches_total,1,air_quality,urn:ngsi:AirQualityObserved:HOP94e6867be9fa,Aquatec - Calle Jorge Juan /Ciudad Jardin,37.614975,-0.992527,1,nearest_fallback,609.2,anprFlowObserved:12,no_data_in_window,0.0,0,0,0,0,0,0.0,0.0,2159,,,1.98,#9ca3af
PM10,coches_total,2,air_quality,urn:ngsi:AirQualityObserved:HOP94e6867be9fa,Aquatec - Calle Jorge Juan /Ciudad Jardin,37.614975,-0.992527,1,nearest_fallback,609.2,anprFlowObserved:12,no_data_in_window,0.0,0,0,0,0,0,0.0,0.0,2159,,,2.2,#9ca3af
PM10,coches_total,3,air_quality,urn:ngsi:AirQualityObserved:HOP94e6867be9fa,Aquatec - Calle Jorge Juan /Ciudad Jardin,37.614975,-0.992527,1,nearest_fallback,609.2,anprFlowObserved:12,no_data_in_window,0.0,0,0,0,0,0,0.0,0.0,2159,,,1.93,#9ca3af
PM10,coches_total,0,air_quality,urn:ngsi:AirQualityObserved:HOP94e6867c200a,Aquatec - Plaza Lopez Pinto,37.604565,-0.985117,2,radius,288.5,anprFlowObserved:2|anprFlowObserved:3,no_signal,0.0,0,0,0,0,0,51.78,12.74,1041,-0.0513,0.7674,2.02,#64748b
PM10,coches_total,2,air_quality,urn:ngsi:AirQualityObserved:HOP94e6867c200a,Aquatec - Plaza Lopez Pinto,37.604565,-0.985117,2,radius,288.5,anprFlowObserved:2|anprFlowObserved:3,no_signal,0.0,0,0,0,0,0,51.78,12.88,1041,-0.0405,0.7662,2.2,#64748b
PM10,coches_total,0,air_quality,urn:ngsi:AirQualityObserved:HOP94e6867c2386,Aquatec - C/ Salitre,37.604937216,-0.988018993,4,radius,296.7,anprFlowObserved:9|anprFlowObserved:17|anprFlowObserved:10|anprFlowObserved:8,no_data_in_window,0.0,0,0,0,0,0,0.0,0.0,2159,,,2.02,#9ca3af
PM10,coches_total,1,air_quality,urn:ngsi:AirQualityObserved:HOP94e6867c2386,Aquatec - C/ Salitre,37.604937216,-0.988018993,4,radius,296.7,anprFlowObserved:9|anprFlowObserved:17|anprFlowObserved:10|anprFlowObserved:8,no_data_in_window,0.0,0,0,0,0,0,0.0,0.0,2159,,,1.98,#9ca3af
PM10,coches_total,2,air_quality,urn:ngsi:AirQualityObserved:HOP94e6867c2386,Aquatec - C/ Salitre,37.604937216,-0.988018993,4,radius,296.7,anprFlowObserved:9|anprFlowObserved:17|anprFlowObserved:10|anprFlowObserved:8,no_data_in_window,0.0,0,0,0,0,0,0.0,0.0,2159,,,2.2,#9ca3af
PM10,coches_total,3,air_quality,urn:ngsi:AirQualityObserved:HOP94e6867c2386,Aquatec - C/ Salitre,37.604937216,-0.988018993,4,radius,296.7,anprFlowObserved:9|anprFlowObserved:17|anprFlowObserved:10|anprFlowObserved:8,no_data_in_window,0.0,0,0,0,0,0,0.0,0.0,2159,,,1.93,#9ca3af
PM10,coches_total,0,air_quality,urn:ngsi:AirQualityObserved:HOP94e6867c2712,Aquatec - Paseo Alfonso XII,37.5981729,-0.9797907,1,radius,25.7,anprFlowObserved:6,no_signal,0.0,0,0,0,0,0,100.0,100.0,0,,,2.02,#64748b
PM10,coches_total,1,air_quality,urn:ngsi:AirQualityObserved:HOP94e6867c2712,Aquatec - Paseo Alfonso XII,37.5981729,-0.9797907,1,radius,25.7,anprFlowObserved:6,no_signal,0.0,0,0,0,0,0,100.0,100.0,0,,,1.98,#64748b
PM10,coches_total,2,air_quality,urn:ngsi:AirQualityObserved:HOP94e6867c2712,Aquatec - Paseo Alfonso XII,37.5981729,-0.9797907,1,radius,25.7,anprFlowObserved:6,no_signal,0.0,0,0,0,0,0,100.0,100.0,0,,,2.2,#64748b
PM10,coches_total,3,air_quality,urn:ngsi:AirQualityObserved:HOP94e6867c2712,Aquatec - Paseo Alfonso XII,37.5981729,-0.9797907,1,radius,25.7,anprFlowObserved:6,no_signal,0.0,0,0,0,0,0,100.0,100.0,0,,,1.93,#64748b
PM10,coches_total,0,air_quality,urn:ngsi:AirQualityObserved:HOPa842e389d9b6,AQN3 - Paseo Alfonso XIII,37.606674,-0.989302,4,radius,273.9,anprFlowObserved:9|anprFlowObserved:17|anprFlowObserved:11|anprFlowObserved:10,no_data_in_window,0.0,0,0,0,0,0,0.0,0.0,2159,,,2.02,#9ca3af
PM10,coches_total,1,air_quality,urn:ngsi:AirQualityObserved:HOPa842e389d9b6,AQN3 - Paseo Alfonso XIII,37.606674,-0.989302,4,radius,273.9,anprFlowObserved:9|anprFlowObserved:17|anprFlowObserved:11|anprFlowObserved:10,no_data_in_window,0.0,0,0,0,0,0,0.0,0.0,2159,,,1.98,#9ca3af
PM10,coches_total,2,air_quality,urn:ngsi:AirQualityObserved:HOPa842e389d9b6,AQN3 - Paseo Alfonso XIII,37.606674,-0.989302,4,radius,273.9,anprFlowObserved:9|anprFlowObserved:17|anprFlowObserved:11|anprFlowObserved:10,no_data_in_window,0.0,0,0,0,0,0,0.0,0.0,2159,,,2.2,#9ca3af
PM10,coches_total,3,air_quality,urn:ngsi:AirQualityObserved:HOPa842e389d9b6,AQN3 - Paseo Alfonso XIII,37.606674,-0.989302,4,radius,273.9,anprFlowObserved:9|anprFlowObserved:17|anprFlowObserved:11|anprFlowObserved:10,no_data_in_window,0.0,0,0,0,0,0,0.0,0.0,2159,,,1.93,#9ca3af
PM10,coches_total,0,air_quality,urn:ngsi:AirQualityObserved:HOPa842e389da1e,AQ1 - BusCT,37.6032714,-0.976467,1,nearest_fallback,543.3,anprFlowObserved:4,no_data_in_window,0.0,0,0,0,0,0,0.0,0.0,2159,,,2.02,#9ca3af
PM10,coches_total,1,air_quality,urn:ngsi:AirQualityObserved:HOPa842e389da1e,AQ1 - BusCT,37.6032714,-0.976467,1,nearest_fallback,543.3,anprFlowObserved:4,no_data_in_window,0.0,0,0,0,0,0,0.0,0.0,2159,,,1.98,#9ca3af
PM10,coches_total,2,air_quality,urn:ngsi:AirQualityObserved:HOPa842e389da1e,AQ1 - BusCT,37.6032714,-0.976467,1,nearest_fallback,543.3,anprFlowObserved:4,no_data_in_window,0.0,0,0,0,0,0,0.0,0.0,2159,,,2.2,#9ca3af
PM10,coches_total,3,air_quality,urn:ngsi:AirQualityObserved:HOPa842e389da1e,AQ1 - BusCT,37.6032714,-0.976467,1,nearest_fallback,543.3,anprFlowObserved:4,no_data_in_window,0.0,0,0,0,0,0,0.0,0.0,2159,,,1.93,#9ca3af
PM10,coches_total,0,air_quality,urn:ngsi:AirQualityObserved:HOPac67b2cd1c9e,AQ2 - San Francisco,37.6019439,-0.983765,1,nearest_fallback,413.8,anprFlowObserved:8,no_signal,0.0,0,0,0,0,0,6.25,2.73,2024,0.9121,0.3789,2.02,#64748b
PM10,coches_total,2,air_quality,urn:ngsi:AirQualityObserved:HOPac67b2cd1c9e,AQ2 - San Francisco,37.6019439,-0.983765,1,nearest_fallback,413.8,anprFlowObserved:8,no_signal,0.0,0,0,0,0,0,6.25,2.78,2024,0.907,0.386,2.2,#64748b
PM10,coches_total,3,air_quality,urn:ngsi:AirQualityObserved:HOPac67b2cd1c9e,AQ2 - San Francisco,37.6019439,-0.983765,1,nearest_fallback,413.8,anprFlowObserved:8,no_signal,0.0,0,0,0,0,0,6.25,2.78,2024,0.9028,0.3667,1.93,#64748b
PM10,coches_total,2,air_quality,urn:ngsi:AirQualityObserved:HOPac67b2cd1cd6,AQN4 - Alameda de San Antón,37.608817,-0.992348,2,radius,173.0,anprFlowObserved:12|anprFlowObserved:11,no_signal,0.0,0,0,0,0,0,5.93,0.0,2031,0.4223,0.6512,2.2,#64748b
PM10,coches_total,3,air_quality,urn:ngsi:AirQualityObserved:HOPac67b2cd1cd6,AQN4 - Alameda de San Antón,37.608817,-0.992348,2,radius,173.0,anprFlowObserved:12|anprFlowObserved:11,no_signal,0.0,0,0,0,0,0,5.93,0.0,2031,0.4084,0.6422,1.93,#64748b
PM10,coches_total,0,air_quality,urn:ngsi:AirQualityObserved:HOPac67b2cd1d4e,C/ Ciclamen,37.6122131,-1.0095078,1,nearest_fallback,1637.5,anprFlowObserved:12,no_signal,0.0,0,0,0,0,0,1.9,0.0,2118,-0.924,0.5634,2.02,#64748b
PM10,coches_total,3,air_quality,urn:ngsi:AirQualityObserved:HOPac67b2cd1d4e,C/ Ciclamen,37.6122131,-1.0095078,1,nearest_fallback,1637.5,anprFlowObserved:12,no_signal,0.0,0,0,0,0,0,1.9,0.0,2118,-0.8977,0.5305,1.93,#64748b
PM10,coches_total,0,air_quality,urn:ngsi:AirQualityObserved:HOPac67b2cd1d56,AQ1 - Puerto,37.5979347,-0.9851199,1,radius,283.5,anprFlowObserved:7,no_signal,0.0,0,0,0,0,0,5.88,5.88,2032,,,2.02,#64748b
PM10,coches_total,1,air_quality,urn:ngsi:AirQualityObserved:HOPac67b2cd1d56,AQ1 - Puerto,37.5979347,-0.9851199,1,radius,283.5,anprFlowObserved:7,no_signal,0.0,0,0,0,0,0,5.88,5.88,2032,,,1.98,#64748b
PM10,coches_total,2,air_quality,urn:ngsi:AirQualityObserved:HOPac67b2cd1d56,AQ1 - Puerto,37.5979347,-0.9851199,1,radius,283.5,anprFlowObserved:7,no_signal,0.0,0,0,0,0,0,5.88,5.88,2032,,,2.2,#64748b
PM10,coches_total,3,air_quality,urn:ngsi:AirQualityObserved:HOPac67b2cd1d56,AQ1 - Puerto,37.5979347,-0.9851199,1,radius,283.5,anprFlowObserved:7,no_signal,0.0,0,0,0,0,0,5.88,5.88,2032,,,1.93,#64748b
PM10,coches_total,1,air_quality,urn:ngsi:AirQualityObserved:HOPac67b2cd222e,AQN5 - Av Reina Victoria,37.60998,-0.984489,2,radius,164.3,anprFlowObserved:14|anprFlowObserved:13,no_signal,0.0,0,0,0,0,0,5.84,0.0,2033,0.2549,0.5897,1.98,#64748b
PM10,coches_total,2,air_quality,urn:ngsi:AirQualityObserved:HOPac67b2cd222e,AQN5 - Av Reina Victoria,37.60998,-0.984489,2,radius,164.3,anprFlowObserved:14|anprFlowObserved:13,no_signal,0.0,0,0,0,0,0,5.84,0.0,2033,0.248,0.5821,2.2,#64748b
PM10,coches_total,3,air_quality,urn:ngsi:AirQualityObserved:HOPac67b2cd222e,AQN5 - Av Reina Victoria,37.60998,-0.984489,2,radius,164.3,anprFlowObserved:14|anprFlowObserved:13,no_signal,0.0,0,0,0,0,0,5.84,0.0,2033,0.2511,0.5758,1.93,#64748b
PM10,coches_total,0,air_quality,urn:ngsi:AirQualityObserved:HOPac67b2d5cb4a,"AQN6 - C. Jiménez de la Espada, 43",37.607955,-0.985688,4,radius,203.6,anprFlowObserved:16|anprFlowObserved:2|anprFlowObserved:13|anprFlowObserved:17,no_data_in_window,0.0,0,0,0,0,0,0.0,0.0,2159,,,2.02,#9ca3af
PM10,coches_total,1,air_quality,urn:ngsi:AirQualityObserved:HOPac67b2d5cb4a,"AQN6 - C. Jiménez de la Espada, 43",37.607955,-0.985688,4,radius,203.6,anprFlowObserved:16|anprFlowObserved:2|anprFlowObserved:13|anprFlowObserved:17,no_data_in_window,0.0,0,0,0,0,0,0.0,0.0,2159,,,1.98,#9ca3af
PM10,coches_total,2,air_quality,urn:ngsi:AirQualityObserved:HOPac67b2d5cb4a,"AQN6 - C. Jiménez de la Espada, 43",37.607955,-0.985688,4,radius,203.6,anprFlowObserved:16|anprFlowObserved:2|anprFlowObserved:13|anprFlowObserved:17,no_data_in_window,0.0,0,0,0,0,0,0.0,0.0,2159,,,2.2,#9ca3af
PM10,coches_total,3,air_quality,urn:ngsi:AirQualityObserved:HOPac67b2d5cb4a,"AQN6 - C. Jiménez de la Espada, 43",37.607955,-0.985688,4,radius,203.6,anprFlowObserved:16|anprFlowObserved:2|anprFlowObserved:13|anprFlowObserved:17,no_data_in_window,0.0,0,0,0,0,0,0.0,0.0,2159,,,1.93,#9ca3af
PM25,coches_total,0,air_quality,urn:ngsi:AirQualityObserved:HOP94e6867c1532,Aquatec - C/Angel Bruna,37.608654022,-0.985216022,4,radius,180.9,anprFlowObserved:14|anprFlowObserved:13|anprFlowObserved:16|anprFlowObserved:2,mixed,10.42,225,112,3,1,109,100.0,18.16,0,0.0612,0.396,2.13,#0f766e
PM25,coches_total,3,air_quality,urn:ngsi:AirQualityObserved:HOP94e6867c1532,Aquatec - C/Angel Bruna,37.608654022,-0.985216022,4,radius,180.9,anprFlowObserved:14|anprFlowObserved:13|anprFlowObserved:16|anprFlowObserved:2,mixed,10.33,223,104,1,2,116,100.0,18.34,0,0.0593,0.3914,2.05,#0f766e
PM25,coches_total,1,air_quality,urn:ngsi:AirQualityObserved:HOP94e6867c1532,Aquatec - C/Angel Bruna,37.608654022,-0.985216022,4,radius,180.9,anprFlowObserved:14|anprFlowObserved:13|anprFlowObserved:16|anprFlowObserved:2,mixed,9.91,214,100,3,1,110,100.0,18.25,0,0.0633,0.3975,2.05,#0f766e
PM25,coches_total,2,air_quality,urn:ngsi:AirQualityObserved:HOP94e6867c1532,Aquatec - C/Angel Bruna,37.608654022,-0.985216022,4,radius,180.9,anprFlowObserved:14|anprFlowObserved:13|anprFlowObserved:16|anprFlowObserved:2,mixed,9.82,212,90,2,1,119,100.0,18.3,0,0.0642,0.3959,2.09,#0f766e
PM25,coches_total,2,air_quality,urn:ngsi:AirQualityObserved:HOP94e68679c5b2,Aquatec - C/ Juan de la Cosa,37.6077778,-0.981388889,3,radius,202.0,anprFlowObserved:15|anprFlowObserved:4|anprFlowObserved:3,LH,8.06,174,0,6,0,168,100.0,18.3,0,-0.0371,0.5821,2.09,#7c3aed
PM25,coches_total,3,air_quality,urn:ngsi:AirQualityObserved:HOP94e68679c5b2,Aquatec - C/ Juan de la Cosa,37.6077778,-0.981388889,3,radius,202.0,anprFlowObserved:15|anprFlowObserved:4|anprFlowObserved:3,LH,8.01,173,0,5,0,168,100.0,18.34,0,-0.0273,0.582,2.05,#7c3aed
PM25,coches_total,0,air_quality,urn:ngsi:AirQualityObserved:HOP94e68679c5b2,Aquatec - C/ Juan de la Cosa,37.6077778,-0.981388889,3,radius,202.0,anprFlowObserved:15|anprFlowObserved:4|anprFlowObserved:3,LH,7.97,172,0,5,0,167,100.0,18.16,0,-0.0571,0.5797,2.13,#7c3aed
PM25,coches_total,1,air_quality,urn:ngsi:AirQualityObserved:HOP94e68679c5b2,Aquatec - C/ Juan de la Cosa,37.6077778,-0.981388889,3,radius,202.0,anprFlowObserved:15|anprFlowObserved:4|anprFlowObserved:3,LH,7.46,161,0,4,0,157,100.0,18.25,0,-0.0464,0.5828,2.05,#7c3aed
PM25,coches_total,2,air_quality,urn:ngsi:AirQualityObserved:HOP94e6867c1842,Aquatec - Plaza del Rey,37.6,-0.988055556,2,radius,256.9,anprFlowObserved:7|anprFlowObserved:8,mixed,5.42,117,0,64,53,0,100.0,31.82,0,-0.0368,0.2806,2.09,#0f766e
PM25,coches_total,3,air_quality,urn:ngsi:AirQualityObserved:HOP94e6867c1842,Aquatec - Plaza del Rey,37.6,-0.988055556,2,radius,256.9,anprFlowObserved:7|anprFlowObserved:8,LL,5.33,115,0,76,39,0,100.0,31.87,0,-0.0329,0.286,2.05,#1d4ed8
PM25,coches_total,2,air_quality,urn:ngsi:AirQualityObserved:HOP94e6867c0df2,Aquatec - Plaza de España,37.605122,-0.991117,3,radius,254.5,anprFlowObserved:10|anprFlowObserved:9|anprFlowObserved:11,LL,5.23,113,0,89,22,2,100.0,19.36,0,0.0262,0.3816,2.09,#1d4ed8
PM25,coches_total,0,air_quality,urn:ngsi:AirQualityObserved:HOP94e6867c0df2,Aquatec - Plaza de España,37.605122,-0.991117,3,radius,254.5,anprFlowObserved:10|anprFlowObserved:9|anprFlowObserved:11,LL,5.14,111,0,69,37,5,100.0,19.27,0,0.0233,0.3746,2.13,#1d4ed8
PM25,coches_total,3,air_quality,urn:ngsi:AirQualityObserved:HOP94e6867c2186,Aquatec - C/ Carlos III,37.60592,-0.98264,4,radius,229.0,anprFlowObserved:4|anprFlowObserved:3|anprFlowObserved:15|anprFlowObserved:2,LH,5.14,111,1,2,0,108,100.0,18.34,0,-0.2764,0.6109,2.05,#7c3aed
PM25,coches_total,0,air_quality,urn:ngsi:AirQualityObserved:HOP94e6867c2186,Aquatec - C/ Carlos III,37.60592,-0.98264,4,radius,229.0,anprFlowObserved:4|anprFlowObserved:3|anprFlowObserved:15|anprFlowObserved:2,LH,5.05,109,2,1,0,106,100.0,18.16,0,-0.2946,0.6127,2.13,#7c3aed
PM25,coches_total,2,air_quality,urn:ngsi:AirQualityObserved:HOP94e6867c2186,Aquatec - C/ Carlos III,37.60592,-0.98264,4,radius,229.0,anprFlowObserved:4|anprFlowObserved:3|anprFlowObserved:15|anprFlowObserved:2,LH,5.05,109,1,0,0,108,100.0,18.3,0,-0.2854,0.6126,2.09,#7c3aed
PM25,coches_total,0,air_quality,urn:ngsi:AirQualityObserved:HOP94e6867c1842,Aquatec - Plaza del Rey,37.6,-0.988055556,2,radius,256.9,anprFlowObserved:7|anprFlowObserved:8,mixed,4.91,106,0,53,53,0,100.0,31.68,0,-0.0395,0.2833,2.13,#0f766e
PM25,coches_total,0,air_quality,urn:ngsi:AirQualityObserved:HOPac67b2cd1d4e,C/ Ciclamen,37.6122131,-1.0095078,1,nearest_fallback,1637.5,anprFlowObserved:12,LH,4.88,2,0,0,0,2,1.9,0.0,2118,-0.8609,0.5683,2.13,#7c3aed
PM25,coches_total,3,air_quality,urn:ngsi:AirQualityObserved:HOP94e6867c0df2,Aquatec - Plaza de España,37.605122,-0.991117,3,radius,254.5,anprFlowObserved:10|anprFlowObserved:9|anprFlowObserved:11,LL,4.72,102,0,75,22,5,100.0,19.41,0,0.035,0.3793,2.05,#1d4ed8
PM25,coches_total,1,air_quality,urn:ngsi:AirQualityObserved:HOP94e6867c1842,Aquatec - Plaza del Rey,37.6,-0.988055556,2,radius,256.9,anprFlowObserved:7|anprFlowObserved:8,mixed,4.72,102,1,60,41,0,100.0,31.77,0,-0.0374,0.2865,2.05,#0f766e
PM25,coches_total,1,air_quality,urn:ngsi:AirQualityObserved:HOP94e6867c2186,Aquatec - C/ Carlos III,37.60592,-0.98264,4,radius,229.0,anprFlowObserved:4|anprFlowObserved:3|anprFlowObserved:15|anprFlowObserved:2,LH,4.59,99,1,0,0,98,100.0,18.25,0,-0.2887,0.612,2.05,#7c3aed
PM25,coches_total,1,air_quality,urn:ngsi:AirQualityObserved:HOP94e6867c0df2,Aquatec - Plaza de España,37.605122,-0.991117,3,radius,254.5,anprFlowObserved:10|anprFlowObserved:9|anprFlowObserved:11,LL,4.31,93,0,69,19,5,100.0,19.31,0,0.0218,0.3797,2.05,#1d4ed8
PM25,coches_total,2,air_quality,urn:ngsi:AirQualityObserved:HOP94e6867c0a5a,Aquatec - Calle Real,37.60372,-0.990846,3,radius,264.8,anprFlowObserved:10|anprFlowObserved:9|anprFlowObserved:8,mixed,4.21,91,1,45,45,0,100.0,18.94,0,-0.7971,0.379,2.09,#0f766e
PM25,coches_total,3,air_quality,urn:ngsi:AirQualityObserved:HOP94e6867c0a5a,Aquatec - Calle Real,37.60372,-0.990846,3,radius,264.8,anprFlowObserved:10|anprFlowObserved:9|anprFlowObserved:8,mixed,3.98,86,2,33,51,0,100.0,18.99,0,-0.9261,0.3782,2.05,#0f766e
PM25,coches_total,0,air_quality,urn:ngsi:AirQualityObserved:HOP94e6867c0a5a,Aquatec - Calle Real,37.60372,-0.990846,3,radius,264.8,anprFlowObserved:10|anprFlowObserved:9|anprFlowObserved:8,mixed,3.84,83,4,49,30,0,100.0,18.81,0,-0.6986,0.3728,2.13,#0f766e
PM25,coches_total,1,air_quality,urn:ngsi:AirQualityObserved:HOP94e6867c0a5a,Aquatec - Calle Real,37.60372,-0.990846,3,radius,264.8,anprFlowObserved:10|anprFlowObserved:9|anprFlowObserved:8,mixed,3.84,83,1,46,36,0,100.0,18.9,0,-0.7289,0.3781,2.05,#0f766e
PM25,coches_total,2,air_quality,urn:ngsi:AirQualityObserved:HOP94e6867ae312,C/ Loma de Canteras,37.618388,-1.032256,1,nearest_fallback,3744.9,anprFlowObserved:12,LH,3.83,82,22,0,0,60,99.26,18.34,16,-0.1574,0.4837,2.09,#7c3aed
PM25,coches_total,2,air_quality,urn:ngsi:AirQualityObserved:HOP94e6867bf52a,AQPMN2G 01,37.642688751,-1.09544003,1,nearest_fallback,9889.0,anprFlowObserved:12,mixed,3.81,82,44,0,0,38,99.68,18.02,7,0.1704,0.4845,2.09,#0f766e
PM25,coches_total,1,air_quality,urn:ngsi:AirQualityObserved:HOP94e6867c0222,Aquatec - Capitanes Ripoll,37.60623,-0.977768,1,nearest_fallback,337.0,anprFlowObserved:4,LH,3.8,82,7,0,0,75,100.0,18.25,0,-0.2701,0.5624,2.05,#7c3aed
PM25,coches_total,2,air_quality,urn:ngsi:AirQualityObserved:HOP94e6867c1c56,C/ Zorita,37.614798,-1.043541,1,nearest_fallback,4645.3,anprFlowObserved:12,LH,3.8,82,27,0,0,55,100.0,18.34,0,-0.199,0.4845,2.09,#7c3aed
PM25,coches_total,2,air_quality,urn:ngsi:AirQualityObserved:HOP94e6867c2466,Av. Descubrimiento de América,37.618964,-1.027056,1,nearest_fallback,3324.4,anprFlowObserved:12,LH,3.8,82,24,0,0,58,100.0,18.34,0,-0.1614,0.4845,2.09,#7c3aed
PM25,coches_total,1,air_quality,urn:ngsi:AirQualityObserved:HOP94e6867c28e2,Aquatec - C/San Diego,37.60347,-0.97896,1,nearest_fallback,364.1,anprFlowObserved:4,HH,3.8,82,62,0,0,20,100.0,18.25,0,0.5084,0.5624,2.05,#b91c1c
PM25,coches_total,1,air_quality,urn:ngsi:AirQualityObserved:HOPe0e2e632fa1e,Aquatec - C/ Serreta,37.60355,-0.98363,1,nearest_fallback,326.7,anprFlowObserved:4,LH,3.8,82,30,0,0,52,100.0,18.25,0,0.1198,0.5624,2.05,#7c3aed
PM25,coches_total,0,air_quality,urn:ngsi:AirQualityObserved:HOP94e6867ae312,C/ Loma de Canteras,37.618388,-1.032256,1,nearest_fallback,3744.9,anprFlowObserved:12,LH,3.69,79,22,0,0,57,99.26,18.2,16,-0.1473,0.4867,2.13,#7c3aed
PM25,coches_total,1,air_quality,urn:ngsi:AirQualityObserved:HOP94e6867ae312,C/ Loma de Canteras,37.618388,-1.032256,1,nearest_fallback,3744.9,anprFlowObserved:12,mixed,3.69,79,32,0,0,47,99.26,18.3,16,-0.1497,0.4836,2.05,#0f766e
PM25,coches_total,0,air_quality,urn:ngsi:AirQualityObserved:HOP94e6867bf52a,AQPMN2G 01,37.642688751,-1.09544003,1,nearest_fallback,9889.0,anprFlowObserved:12,mixed,3.67,79,42,0,0,37,99.68,17.88,7,0.1555,0.4868,2.13,#0f766e
PM25,coches_total,1,air_quality,urn:ngsi:AirQualityObserved:HOP94e6867bf52a,AQPMN2G 01,37.642688751,-1.09544003,1,nearest_fallback,9889.0,anprFlowObserved:12,mixed,3.67,79,43,0,0,36,99.68,17.97,7,0.1619,0.4841,2.05,#0f766e
PM25,coches_total,0,air_quality,urn:ngsi:AirQualityObserved:HOP94e6867c1c56,C/ Zorita,37.614798,-1.043541,1,nearest_fallback,4645.3,anprFlowObserved:12,LH,3.66,79,28,0,0,51,100.0,18.2,0,-0.1926,0.4868,2.13,#7c3aed
PM25,coches_total,1,air_quality,urn:ngsi:AirQualityObserved:HOP94e6867c1c56,C/ Zorita,37.614798,-1.043541,1,nearest_fallback,4645.3,anprFlowObserved:12,LH,3.66,79,28,0,0,51,100.0,18.3,0,-0.195,0.4841,2.05,#7c3aed
PM25,coches_total,0,air_quality,urn:ngsi:AirQualityObserved:HOP94e6867c2466,Av. Descubrimiento de América,37.618964,-1.027056,1,nearest_fallback,3324.4,anprFlowObserved:12,LH,3.66,79,25,0,0,54,100.0,18.2,0,-0.1541,0.4868,2.13,#7c3aed
PM25,coches_total,1,air_quality,urn:ngsi:AirQualityObserved:HOP94e6867c2466,Av. Descubrimiento de América,37.618964,-1.027056,1,nearest_fallback,3324.4,anprFlowObserved:12,LH,3.66,79,23,0,0,56,100.0,18.3,0,-0.1648,0.4841,2.05,#7c3aed
PM25,coches_total,0,air_quality,urn:ngsi:AirQualityObserved:HOP94e6867c0222,Aquatec - Capitanes Ripoll,37.60623,-0.977768,1,nearest_fallback,337.0,anprFlowObserved:4,LH,3.61,78,12,0,0,66,100.0,18.16,0,-0.2636,0.5639,2.13,#7c3aed
PM25,coches_total,0,air_quality,urn:ngsi:AirQualityObserved:HOP94e6867c28e2,Aquatec - C/San Diego,37.60347,-0.97896,1,nearest_fallback,364.1,anprFlowObserved:4,HH,3.61,78,57,0,0,21,100.0,18.16,0,0.5295,0.5639,2.13,#b91c1c
PM25,coches_total,0,air_quality,urn:ngsi:AirQualityObserved:HOPe0e2e632fa1e,Aquatec - C/ Serreta,37.60355,-0.98363,1,nearest_fallback,326.7,anprFlowObserved:4,mixed,3.61,78,37,0,0,41,100.0,18.16,0,0.1232,0.5639,2.13,#0f766e
PM25,coches_total,3,air_quality,urn:ngsi:AirQualityObserved:HOP94e6867c0222,Aquatec - Capitanes Ripoll,37.60623,-0.977768,1,nearest_fallback,337.0,anprFlowObserved:4,LH,3.57,77,10,0,0,67,100.0,18.34,0,-0.2647,0.5645,2.05,#7c3aed
PM25,coches_total,3,air_quality,urn:ngsi:AirQualityObserved:HOP94e6867c28e2,Aquatec - C/San Diego,37.60347,-0.97896,1,nearest_fallback,364.1,anprFlowObserved:4,HH,3.57,77,52,0,0,25,100.0,18.34,0,0.483,0.5645,2.05,#b91c1c
PM25,coches_total,3,air_quality,urn:ngsi:AirQualityObserved:HOPe0e2e632fa1e,Aquatec - C/ Serreta,37.60355,-0.98363,1,nearest_fallback,326.7,anprFlowObserved:4,mixed,3.57,77,31,0,0,46,100.0,18.34,0,0.1098,0.5645,2.05,#0f766e
PM25,coches_total,3,air_quality,urn:ngsi:AirQualityObserved:HOP94e6867bf52a,AQPMN2G 01,37.642688751,-1.09544003,1,nearest_fallback,9889.0,anprFlowObserved:12,HH,3.3,71,43,0,0,28,99.68,18.06,7,0.1662,0.484,2.05,#b91c1c
PM25,coches_total,3,air_quality,urn:ngsi:AirQualityObserved:HOP94e6867c1c56,C/ Zorita,37.614798,-1.043541,1,nearest_fallback,4645.3,anprFlowObserved:12,LH,3.29,71,22,0,0,49,100.0,18.39,0,-0.1945,0.484,2.05,#7c3aed
PM25,coches_total,3,air_quality,urn:ngsi:AirQualityObserved:HOP94e6867c2466,Av. Descubrimiento de América,37.618964,-1.027056,1,nearest_fallback,3324.4,anprFlowObserved:12,LH,3.29,71,24,0,0,47,100.0,18.39,0,-0.1522,0.484,2.05,#7c3aed
PM25,coches_total,3,air_quality,urn:ngsi:AirQualityObserved:HOP94e6867ae312,C/ Loma de Canteras,37.618388,-1.032256,1,nearest_fallback,3744.9,anprFlowObserved:12,LH,3.27,70,17,0,0,53,99.26,18.39,16,-0.1563,0.4831,2.05,#7c3aed
PM25,coches_total,2,air_quality,urn:ngsi:AirQualityObserved:HOP94e6867c0222,Aquatec - Capitanes Ripoll,37.60623,-0.977768,1,nearest_fallback,337.0,anprFlowObserved:4,LH,3.01,65,8,0,0,57,100.0,18.3,0,-0.2696,0.5637,2.09,#7c3aed
PM25,coches_total,2,air_quality,urn:ngsi:AirQualityObserved:HOP94e6867c28e2,Aquatec - C/San Diego,37.60347,-0.97896,1,nearest_fallback,364.1,anprFlowObserved:4,HH,3.01,65,51,0,0,14,100.0,18.3,0,0.4961,0.5637,2.09,#b91c1c
PM25,coches_total,2,air_quality,urn:ngsi:AirQualityObserved:HOPe0e2e632fa1e,Aquatec - C/ Serreta,37.60355,-0.98363,1,nearest_fallback,326.7,anprFlowObserved:4,LH,3.01,65,25,0,0,40,100.0,18.3,0,0.117,0.5637,2.09,#7c3aed
PM25,coches_total,1,air_quality,urn:ngsi:AirQualityObserved:HOPac67b2cd1d4e,C/ Ciclamen,37.6122131,-1.0095078,1,nearest_fallback,1637.5,anprFlowObserved:12,LH,2.44,1,0,0,0,1,1.9,0.0,2118,-0.9335,0.5683,2.05,#7c3aed
PM25,coches_total,2,air_quality,urn:ngsi:AirQualityObserved:HOPac67b2cd1d4e,C/ Ciclamen,37.6122131,-1.0095078,1,nearest_fallback,1637.5,anprFlowObserved:12,LH,2.44,1,0,0,0,1,1.9,0.0,2118,-0.8337,0.6183,2.09,#7c3aed
PM25,coches_total,3,air_quality,urn:ngsi:AirQualityObserved:HOPac67b2cd1d4e,C/ Ciclamen,37.6122131,-1.0095078,1,nearest_fallback,1637.5,anprFlowObserved:12,LH,2.44,1,0,0,0,1,1.9,0.0,2118,-0.7926,0.5366,2.05,#7c3aed
PM25,coches_total,0,air_quality,urn:ngsi:AirQualityObserved:HOPac67b2cd1cd6,AQN4 - Alameda de San Antón,37.608817,-0.992348,2,radius,173.0,anprFlowObserved:12|anprFlowObserved:11,HH,2.34,3,3,0,0,0,5.93,0.0,2031,0.213,0.6715,2.13,#b91c1c
PM25,coches_total,0,air_quality,urn:ngsi:AirQualityObserved:HOP94e6867c249e,Aquatec - C/ Jimenez de la Espada,37.60783,-0.99,4,radius,230.2,anprFlowObserved:11|anprFlowObserved:12|anprFlowObserved:9|anprFlowObserved:17,LH,2.24,25,0,0,0,25,51.64,12.6,1044,-0.0829,0.5538,2.13,#7c3aed
PM25,coches_total,1,air_quality,urn:ngsi:AirQualityObserved:HOP94e6867c249e,Aquatec - C/ Jimenez de la Espada,37.60783,-0.99,4,radius,230.2,anprFlowObserved:11|anprFlowObserved:12|anprFlowObserved:9|anprFlowObserved:17,LH,2.24,25,0,0,0,25,51.64,12.69,1044,-0.0856,0.5519,2.05,#7c3aed
PM25,coches_total,2,air_quality,urn:ngsi:AirQualityObserved:HOPac67b2cd1c9e,AQ2 - San Francisco,37.6019439,-0.983765,1,nearest_fallback,413.8,anprFlowObserved:8,LL,2.22,3,0,3,0,0,6.25,2.78,2024,0.8494,0.366,2.09,#1d4ed8
PM25,coches_total,3,air_quality,urn:ngsi:AirQualityObserved:HOP94e6867c249e,Aquatec - C/ Jimenez de la Espada,37.60783,-0.99,4,radius,230.2,anprFlowObserved:11|anprFlowObserved:12|anprFlowObserved:9|anprFlowObserved:17,LH,1.88,21,0,0,0,21,51.64,12.78,1044,-0.0926,0.5531,2.05,#7c3aed
PM25,coches_total,2,air_quality,urn:ngsi:AirQualityObserved:HOP94e6867c249e,Aquatec - C/ Jimenez de la Espada,37.60783,-0.99,4,radius,230.2,anprFlowObserved:11|anprFlowObserved:12|anprFlowObserved:9|anprFlowObserved:17,LH,1.79,20,1,0,0,19,51.64,12.74,1044,-0.0904,0.5501,2.09,#7c3aed
PM25,coches_total,1,air_quality,urn:ngsi:AirQualityObserved:HOPac67b2cd1cd6,AQN4 - Alameda de San Antón,37.608817,-0.992348,2,radius,173.0,anprFlowObserved:12|anprFlowObserved:11,HH,1.56,2,2,0,0,0,5.93,0.0,2031,0.2518,0.6391,2.05,#b91c1c
PM25,coches_total,2,air_quality,urn:ngsi:AirQualityObserved:HOP94e6867c087e,Aquatec - Ctra de la Algameca,37.60379977,-0.99406271,1,radius,278.8,anprFlowObserved:10,HL,1.39,30,0,10,20,0,100.0,38.44,0,-0.6163,0.3169,2.09,#ea580c
PM25,coches_total,3,air_quality,urn:ngsi:AirQualityObserved:HOP94e6867c087e,Aquatec - Ctra de la Algameca,37.60379977,-0.99406271,1,radius,278.8,anprFlowObserved:10,HL,1.25,27,0,10,17,0,100.0,38.49,0,-0.5838,0.3171,2.05,#ea580c
PM25,coches_total,0,air_quality,urn:ngsi:AirQualityObserved:HOP94e6867c087e,Aquatec - Ctra de la Algameca,37.60379977,-0.99406271,1,radius,278.8,anprFlowObserved:10,HL,1.16,25,0,7,18,0,100.0,38.35,0,-0.6056,0.3216,2.13,#ea580c
PM25,coches_total,1,air_quality,urn:ngsi:AirQualityObserved:HOP94e6867c087e,Aquatec - Ctra de la Algameca,37.60379977,-0.99406271,1,radius,278.8,anprFlowObserved:10,mixed,1.07,23,0,11,12,0,100.0,38.4,0,-0.6121,0.3179,2.05,#0f766e
PM25,coches_total,0,air_quality,urn:ngsi:AirQualityObserved:HOP94e6867c0966,Aquatec - C/ Juan Fernández,37.608095402,-0.987760799,4,radius,284.7,anprFlowObserved:17|anprFlowObserved:13|anprFlowObserved:16|anprFlowObserved:2,mixed,0.88,19,7,1,1,10,100.0,18.16,0,0.0366,0.5346,2.13,#0f766e
PM25,coches_total,0,air_quality,urn:ngsi:AirQualityObserved:HOP94e6867bf326,Aquatec - C/ Ramón y Cajal,37.608898092,-0.990987387,2,radius,177.4,anprFlowObserved:12|anprFlowObserved:11,LH,0.83,18,4,1,0,13,100.0,18.16,0,-0.14,0.7143,2.13,#7c3aed
PM25,coches_total,1,air_quality,urn:ngsi:AirQualityObserved:HOP94e6867bf326,Aquatec - C/ Ramón y Cajal,37.608898092,-0.990987387,2,radius,177.4,anprFlowObserved:12|anprFlowObserved:11,LH,0.79,17,1,0,0,16,100.0,18.25,0,-0.146,0.7097,2.05,#7c3aed
PM25,coches_total,3,air_quality,urn:ngsi:AirQualityObserved:HOPac67b2cd222e,AQN5 - Av Reina Victoria,37.60998,-0.984489,2,radius,164.3,anprFlowObserved:14|anprFlowObserved:13,LH,0.79,1,0,0,0,1,5.84,0.0,2033,0.0885,0.5929,2.05,#7c3aed
PM25,coches_total,3,air_quality,urn:ngsi:AirQualityObserved:HOPac67b2cd1cd6,AQN4 - Alameda de San Antón,37.608817,-0.992348,2,radius,173.0,anprFlowObserved:12|anprFlowObserved:11,HH,0.78,1,1,0,0,0,5.93,0.0,2031,0.3136,0.6414,2.05,#b91c1c
PM25,coches_total,3,air_quality,urn:ngsi:AirQualityObserved:HOP94e6867bf326,Aquatec - C/ Ramón y Cajal,37.608898092,-0.990987387,2,radius,177.4,anprFlowObserved:12|anprFlowObserved:11,LH,0.74,16,0,0,0,16,100.0,18.34,0,-0.1288,0.7125,2.05,#7c3aed
PM25,coches_total,1,air_quality,urn:ngsi:AirQualityObserved:HOP94e6867c0966,Aquatec - C/ Juan Fernández,37.608095402,-0.987760799,4,radius,284.7,anprFlowObserved:17|anprFlowObserved:13|anprFlowObserved:16|anprFlowObserved:2,mixed,0.74,16,6,2,0,8,100.0,18.25,0,0.0328,0.5359,2.05,#0f766e
PM25,coches_total,2,air_quality,urn:ngsi:AirQualityObserved:HOP94e6867c0966,Aquatec - C/ Juan Fernández,37.608095402,-0.987760799,4,radius,284.7,anprFlowObserved:17|anprFlowObserved:13|anprFlowObserved:16|anprFlowObserved:2,LH,0.74,16,4,0,2,10,100.0,18.3,0,0.0266,0.5366,2.09,#7c3aed
PM25,coches_total,3,air_quality,urn:ngsi:AirQualityObserved:HOP94e6867c0966,Aquatec - C/ Juan Fernández,37.608095402,-0.987760799,4,radius,284.7,anprFlowObserved:17|anprFlowObserved:13|anprFlowObserved:16|anprFlowObserved:2,LH,0.69,15,3,1,1,10,100.0,18.34,0,0.0146,0.5359,2.05,#7c3aed
PM25,coches_total,0,air_quality,urn:ngsi:AirQualityObserved:HOP94e6867aa682,Aquatec - C/ Pintor Balaca,37.609571,-0.987615,3,radius,290.3,anprFlowObserved:13|anprFlowObserved:14|anprFlowObserved:17,LH,0.65,14,0,1,0,13,99.21,18.16,17,-0.112,0.5907,2.13,#7c3aed
PM25,coches_total,2,air_quality,urn:ngsi:AirQualityObserved:HOP94e6867bf326,Aquatec - C/ Ramón y Cajal,37.608898092,-0.990987387,2,radius,177.4,anprFlowObserved:12|anprFlowObserved:11,LH,0.6,13,3,0,0,10,100.0,18.3,0,-0.1332,0.7138,2.09,#7c3aed
PM25,coches_total,2,air_quality,urn:ngsi:AirQualityObserved:HOP94e6867aa682,Aquatec - C/ Pintor Balaca,37.609571,-0.987615,3,radius,290.3,anprFlowObserved:13|anprFlowObserved:14|anprFlowObserved:17,LH,0.56,12,0,2,0,10,99.21,18.3,17,-0.1123,0.5801,2.09,#7c3aed
PM25,coches_total,1,air_quality,urn:ngsi:AirQualityObserved:HOP94e6867aa682,Aquatec - C/ Pintor Balaca,37.609571,-0.987615,3,radius,290.3,anprFlowObserved:13|anprFlowObserved:14|anprFlowObserved:17,LH,0.47,10,0,0,0,10,99.21,18.25,17,-0.1135,0.5818,2.05,#7c3aed
PM25,coches_total,0,air_quality,urn:ngsi:AirQualityObserved:HOP94e6867c064e,Aquatec - Parque Sauces,37.60905,-0.982657,4,radius,271.4,anprFlowObserved:15|anprFlowObserved:14|anprFlowObserved:3|anprFlowObserved:16,HL,0.4,4,0,0,3,1,45.99,6.95,1166,0.0268,0.7249,2.13,#ea580c
PM25,coches_total,1,air_quality,urn:ngsi:AirQualityObserved:HOP94e6867c064e,Aquatec - Parque Sauces,37.60905,-0.982657,4,radius,271.4,anprFlowObserved:15|anprFlowObserved:14|anprFlowObserved:3|anprFlowObserved:16,HL,0.4,4,0,1,3,0,45.99,7.04,1166,0.0217,0.7228,2.05,#ea580c
PM25,coches_total,2,air_quality,urn:ngsi:AirQualityObserved:HOP94e6867c064e,Aquatec - Parque Sauces,37.60905,-0.982657,4,radius,271.4,anprFlowObserved:15|anprFlowObserved:14|anprFlowObserved:3|anprFlowObserved:16,mixed,0.4,4,0,1,2,1,45.99,7.09,1166,0.0119,0.7273,2.09,#0f766e
PM25,coches_total,3,air_quality,urn:ngsi:AirQualityObserved:HOP94e6867aa682,Aquatec - C/ Pintor Balaca,37.609571,-0.987615,3,radius,290.3,anprFlowObserved:13|anprFlowObserved:14|anprFlowObserved:17,LH,0.37,8,0,1,0,7,99.21,18.34,17,-0.1129,0.5838,2.05,#7c3aed
PM25,coches_total,0,air_quality,urn:ngsi:AirQualityObserved:HOP94e6867c01f2,Aquatec - C/ San Juan,37.605112,-0.985913,4,radius,294.7,anprFlowObserved:2|anprFlowObserved:17|anprFlowObserved:16|anprFlowObserved:3,LH,0.23,5,1,1,0,3,100.0,18.16,0,0.0085,0.6162,2.13,#7c3aed
PM25,coches_total,2,air_quality,urn:ngsi:AirQualityObserved:HOP94e6867c01f2,Aquatec - C/ San Juan,37.605112,-0.985913,4,radius,294.7,anprFlowObserved:2|anprFlowObserved:17|anprFlowObserved:16|anprFlowObserved:3,LH,0.23,5,2,0,0,3,100.0,18.3,0,0.0033,0.6159,2.09,#7c3aed
PM25,coches_total,3,air_quality,urn:ngsi:AirQualityObserved:HOP94e6867c064e,Aquatec - Parque Sauces,37.60905,-0.982657,4,radius,271.4,anprFlowObserved:15|anprFlowObserved:14|anprFlowObserved:3|anprFlowObserved:16,mixed,0.2,2,0,1,1,0,45.99,7.13,1166,0.0006,0.7276,2.05,#0f766e
PM25,coches_total,1,air_quality,urn:ngsi:AirQualityObserved:HOP94e6867c01f2,Aquatec - C/ San Juan,37.605112,-0.985913,4,radius,294.7,anprFlowObserved:2|anprFlowObserved:17|anprFlowObserved:16|anprFlowObserved:3,LH,0.19,4,1,0,0,3,100.0,18.25,0,0.0071,0.6145,2.05,#7c3aed
PM25,coches_total,0,air_quality,urn:ngsi:AirQualityObserved:HOP94e6867c200a,Aquatec - Plaza Lopez Pinto,37.604565,-0.985117,2,radius,288.5,anprFlowObserved:2|anprFlowObserved:3,HH,0.18,2,2,0,0,0,51.78,12.74,1041,-0.1054,0.7619,2.13,#b91c1c
PM25,coches_total,3,air_quality,urn:ngsi:AirQualityObserved:HOP94e6867c01f2,Aquatec - C/ San Juan,37.605112,-0.985913,4,radius,294.7,anprFlowObserved:2|anprFlowObserved:17|anprFlowObserved:16|anprFlowObserved:3,mixed,0.09,2,0,1,0,1,100.0,18.34,0,-0.0028,0.6202,2.05,#0f766e
PM25,coches_total,1,air_quality,urn:ngsi:AirQualityObserved:HOP94e6867c200a,Aquatec - Plaza Lopez Pinto,37.604565,-0.985117,2,radius,288.5,anprFlowObserved:2|anprFlowObserved:3,HH,0.09,1,1,0,0,0,51.78,12.83,1041,-0.0852,0.7625,2.05,#b91c1c
PM25,coches_total,2,air_quality,urn:ngsi:AirQualityObserved:HOP94e6867c200a,Aquatec - Plaza Lopez Pinto,37.604565,-0.985117,2,radius,288.5,anprFlowObserved:2|anprFlowObserved:3,LH,0.09,1,0,0,0,1,51.78,12.88,1041,-0.0518,0.7601,2.09,#7c3aed
PM25,coches_total,0,air_quality,urn:ngsi:AirQualityObserved:HOP94e6867be9fa,Aquatec - Calle Jorge Juan /Ciudad Jardin,37.614975,-0.992527,1,nearest_fallback,609.2,anprFlowObserved:12,no_data_in_window,0.0,0,0,0,0,0,0.0,0.0,2159,,,2.13,#9ca3af
PM25,coches_total,1,air_quality,urn:ngsi:AirQualityObserved:HOP94e6867be9fa,Aquatec - Calle Jorge Juan /Ciudad Jardin,37.614975,-0.992527,1,nearest_fallback,609.2,anprFlowObserved:12,no_data_in_window,0.0,0,0,0,0,0,0.0,0.0,2159,,,2.05,#9ca3af
PM25,coches_total,2,air_quality,urn:ngsi:AirQualityObserved:HOP94e6867be9fa,Aquatec - Calle Jorge Juan /Ciudad Jardin,37.614975,-0.992527,1,nearest_fallback,609.2,anprFlowObserved:12,no_data_in_window,0.0,0,0,0,0,0,0.0,0.0,2159,,,2.09,#9ca3af
PM25,coches_total,3,air_quality,urn:ngsi:AirQualityObserved:HOP94e6867be9fa,Aquatec - Calle Jorge Juan /Ciudad Jardin,37.614975,-0.992527,1,nearest_fallback,609.2,anprFlowObserved:12,no_data_in_window,0.0,0,0,0,0,0,0.0,0.0,2159,,,2.05,#9ca3af
PM25,coches_total,3,air_quality,urn:ngsi:AirQualityObserved:HOP94e6867c200a,Aquatec - Plaza Lopez Pinto,37.604565,-0.985117,2,radius,288.5,anprFlowObserved:2|anprFlowObserved:3,no_signal,0.0,0,0,0,0,0,51.78,12.92,1041,-0.0135,0.7644,2.05,#64748b
PM25,coches_total,0,air_quality,urn:ngsi:AirQualityObserved:HOP94e6867c2386,Aquatec - C/ Salitre,37.604937216,-0.988018993,4,radius,296.7,anprFlowObserved:9|anprFlowObserved:17|anprFlowObserved:10|anprFlowObserved:8,no_data_in_window,0.0,0,0,0,0,0,0.0,0.0,2159,,,2.13,#9ca3af
PM25,coches_total,1,air_quality,urn:ngsi:AirQualityObserved:HOP94e6867c2386,Aquatec - C/ Salitre,37.604937216,-0.988018993,4,radius,296.7,anprFlowObserved:9|anprFlowObserved:17|anprFlowObserved:10|anprFlowObserved:8,no_data_in_window,0.0,0,0,0,0,0,0.0,0.0,2159,,,2.05,#9ca3af
PM25,coches_total,2,air_quality,urn:ngsi:AirQualityObserved:HOP94e6867c2386,Aquatec - C/ Salitre,37.604937216,-0.988018993,4,radius,296.7,anprFlowObserved:9|anprFlowObserved:17|anprFlowObserved:10|anprFlowObserved:8,no_data_in_window,0.0,0,0,0,0,0,0.0,0.0,2159,,,2.09,#9ca3af
PM25,coches_total,3,air_quality,urn:ngsi:AirQualityObserved:HOP94e6867c2386,Aquatec - C/ Salitre,37.604937216,-0.988018993,4,radius,296.7,anprFlowObserved:9|anprFlowObserved:17|anprFlowObserved:10|anprFlowObserved:8,no_data_in_window,0.0,0,0,0,0,0,0.0,0.0,2159,,,2.05,#9ca3af
PM25,coches_total,0,air_quality,urn:ngsi:AirQualityObserved:HOP94e6867c2712,Aquatec - Paseo Alfonso XII,37.5981729,-0.9797907,1,radius,25.7,anprFlowObserved:6,no_signal,0.0,0,0,0,0,0,100.0,100.0,0,,,2.13,#64748b
PM25,coches_total,1,air_quality,urn:ngsi:AirQualityObserved:HOP94e6867c2712,Aquatec - Paseo Alfonso XII,37.5981729,-0.9797907,1,radius,25.7,anprFlowObserved:6,no_signal,0.0,0,0,0,0,0,100.0,100.0,0,,,2.05,#64748b
PM25,coches_total,2,air_quality,urn:ngsi:AirQualityObserved:HOP94e6867c2712,Aquatec - Paseo Alfonso XII,37.5981729,-0.9797907,1,radius,25.7,anprFlowObserved:6,no_signal,0.0,0,0,0,0,0,100.0,100.0,0,,,2.09,#64748b
PM25,coches_total,3,air_quality,urn:ngsi:AirQualityObserved:HOP94e6867c2712,Aquatec - Paseo Alfonso XII,37.5981729,-0.9797907,1,radius,25.7,anprFlowObserved:6,no_signal,0.0,0,0,0,0,0,100.0,100.0,0,,,2.05,#64748b
PM25,coches_total,0,air_quality,urn:ngsi:AirQualityObserved:HOPa842e389d9b6,AQN3 - Paseo Alfonso XIII,37.606674,-0.989302,4,radius,273.9,anprFlowObserved:9|anprFlowObserved:17|anprFlowObserved:11|anprFlowObserved:10,no_data_in_window,0.0,0,0,0,0,0,0.0,0.0,2159,,,2.13,#9ca3af
PM25,coches_total,1,air_quality,urn:ngsi:AirQualityObserved:HOPa842e389d9b6,AQN3 - Paseo Alfonso XIII,37.606674,-0.989302,4,radius,273.9,anprFlowObserved:9|anprFlowObserved:17|anprFlowObserved:11|anprFlowObserved:10,no_data_in_window,0.0,0,0,0,0,0,0.0,0.0,2159,,,2.05,#9ca3af
PM25,coches_total,2,air_quality,urn:ngsi:AirQualityObserved:HOPa842e389d9b6,AQN3 - Paseo Alfonso XIII,37.606674,-0.989302,4,radius,273.9,anprFlowObserved:9|anprFlowObserved:17|anprFlowObserved:11|anprFlowObserved:10,no_data_in_window,0.0,0,0,0,0,0,0.0,0.0,2159,,,2.09,#9ca3af
PM25,coches_total,3,air_quality,urn:ngsi:AirQualityObserved:HOPa842e389d9b6,AQN3 - Paseo Alfonso XIII,37.606674,-0.989302,4,radius,273.9,anprFlowObserved:9|anprFlowObserved:17|anprFlowObserved:11|anprFlowObserved:10,no_data_in_window,0.0,0,0,0,0,0,0.0,0.0,2159,,,2.05,#9ca3af
PM25,coches_total,0,air_quality,urn:ngsi:AirQualityObserved:HOPa842e389da1e,AQ1 - BusCT,37.6032714,-0.976467,1,nearest_fallback,543.3,anprFlowObserved:4,no_data_in_window,0.0,0,0,0,0,0,0.0,0.0,2159,,,2.13,#9ca3af
PM25,coches_total,1,air_quality,urn:ngsi:AirQualityObserved:HOPa842e389da1e,AQ1 - BusCT,37.6032714,-0.976467,1,nearest_fallback,543.3,anprFlowObserved:4,no_data_in_window,0.0,0,0,0,0,0,0.0,0.0,2159,,,2.05,#9ca3af
PM25,coches_total,2,air_quality,urn:ngsi:AirQualityObserved:HOPa842e389da1e,AQ1 - BusCT,37.6032714,-0.976467,1,nearest_fallback,543.3,anprFlowObserved:4,no_data_in_window,0.0,0,0,0,0,0,0.0,0.0,2159,,,2.09,#9ca3af
PM25,coches_total,3,air_quality,urn:ngsi:AirQualityObserved:HOPa842e389da1e,AQ1 - BusCT,37.6032714,-0.976467,1,nearest_fallback,543.3,anprFlowObserved:4,no_data_in_window,0.0,0,0,0,0,0,0.0,0.0,2159,,,2.05,#9ca3af
PM25,coches_total,0,air_quality,urn:ngsi:AirQualityObserved:HOPac67b2cd1c9e,AQ2 - San Francisco,37.6019439,-0.983765,1,nearest_fallback,413.8,anprFlowObserved:8,no_signal,0.0,0,0,0,0,0,6.25,2.73,2024,0.8237,0.3882,2.13,#64748b
PM25,coches_total,1,air_quality,urn:ngsi:AirQualityObserved:HOPac67b2cd1c9e,AQ2 - San Francisco,37.6019439,-0.983765,1,nearest_fallback,413.8,anprFlowObserved:8,no_signal,0.0,0,0,0,0,0,6.25,2.78,2024,0.8371,0.378,2.05,#64748b
PM25,coches_total,3,air_quality,urn:ngsi:AirQualityObserved:HOPac67b2cd1c9e,AQ2 - San Francisco,37.6019439,-0.983765,1,nearest_fallback,413.8,anprFlowObserved:8,no_signal,0.0,0,0,0,0,0,6.25,2.78,2024,0.8547,0.3813,2.05,#64748b
PM25,coches_total,2,air_quality,urn:ngsi:AirQualityObserved:HOPac67b2cd1cd6,AQN4 - Alameda de San Antón,37.608817,-0.992348,2,radius,173.0,anprFlowObserved:12|anprFlowObserved:11,no_signal,0.0,0,0,0,0,0,5.93,0.0,2031,0.3169,0.6633,2.09,#64748b
PM25,coches_total,0,air_quality,urn:ngsi:AirQualityObserved:HOPac67b2cd1d56,AQ1 - Puerto,37.5979347,-0.9851199,1,radius,283.5,anprFlowObserved:7,no_signal,0.0,0,0,0,0,0,5.88,5.88,2032,,,2.13,#64748b
PM25,coches_total,1,air_quality,urn:ngsi:AirQualityObserved:HOPac67b2cd1d56,AQ1 - Puerto,37.5979347,-0.9851199,1,radius,283.5,anprFlowObserved:7,no_signal,0.0,0,0,0,0,0,5.88,5.88,2032,,,2.05,#64748b
PM25,coches_total,2,air_quality,urn:ngsi:AirQualityObserved:HOPac67b2cd1d56,AQ1 - Puerto,37.5979347,-0.9851199,1,radius,283.5,anprFlowObserved:7,no_signal,0.0,0,0,0,0,0,5.88,5.88,2032,,,2.09,#64748b
PM25,coches_total,3,air_quality,urn:ngsi:AirQualityObserved:HOPac67b2cd1d56,AQ1 - Puerto,37.5979347,-0.9851199,1,radius,283.5,anprFlowObserved:7,no_signal,0.0,0,0,0,0,0,5.88,5.88,2032,,,2.05,#64748b
PM25,coches_total,0,air_quality,urn:ngsi:AirQualityObserved:HOPac67b2cd222e,AQN5 - Av Reina Victoria,37.60998,-0.984489,2,radius,164.3,anprFlowObserved:14|anprFlowObserved:13,no_signal,0.0,0,0,0,0,0,5.84,0.0,2033,0.05,0.598,2.13,#64748b
PM25,coches_total,1,air_quality,urn:ngsi:AirQualityObserved:HOPac67b2cd222e,AQN5 - Av Reina Victoria,37.60998,-0.984489,2,radius,164.3,anprFlowObserved:14|anprFlowObserved:13,no_signal,0.0,0,0,0,0,0,5.84,0.0,2033,0.0628,0.5861,2.05,#64748b
PM25,coches_total,2,air_quality,urn:ngsi:AirQualityObserved:HOPac67b2cd222e,AQN5 - Av Reina Victoria,37.60998,-0.984489,2,radius,164.3,anprFlowObserved:14|anprFlowObserved:13,no_signal,0.0,0,0,0,0,0,5.84,0.0,2033,0.0726,0.5675,2.09,#64748b
PM25,coches_total,0,air_quality,urn:ngsi:AirQualityObserved:HOPac67b2d5cb4a,"AQN6 - C. Jiménez de la Espada, 43",37.607955,-0.985688,4,radius,203.6,anprFlowObserved:16|anprFlowObserved:2|anprFlowObserved:13|anprFlowObserved:17,no_data_in_window,0.0,0,0,0,0,0,0.0,0.0,2159,,,2.13,#9ca3af
PM25,coches_total,1,air_quality,urn:ngsi:AirQualityObserved:HOPac67b2d5cb4a,"AQN6 - C. Jiménez de la Espada, 43",37.607955,-0.985688,4,radius,203.6,anprFlowObserved:16|anprFlowObserved:2|anprFlowObserved:13|anprFlowObserved:17,no_data_in_window,0.0,0,0,0,0,0,0.0,0.0,2159,,,2.05,#9ca3af
PM25,coches_total,2,air_quality,urn:ngsi:AirQualityObserved:HOPac67b2d5cb4a,"AQN6 - C. Jiménez de la Espada, 43",37.607955,-0.985688,4,radius,203.6,anprFlowObserved:16|anprFlowObserved:2|anprFlowObserved:13|anprFlowObserved:17,no_data_in_window,0.0,0,0,0,0,0,0.0,0.0,2159,,,2.09,#9ca3af
PM25,coches_total,3,air_quality,urn:ngsi:AirQualityObserved:HOPac67b2d5cb4a,"AQN6 - C. Jiménez de la Espada, 43",37.607955,-0.985688,4,radius,203.6,anprFlowObserved:16|anprFlowObserved:2|anprFlowObserved:13|anprFlowObserved:17,no_data_in_window,0.0,0,0,0,0,0,0.0,0.0,2159,,,2.05,#9ca3af
